cui,fecha,lugar,mano_de_obra,materiales,equipos,sub_contratos,costo_directo,obras_provisionales,estructuras,arquitectura,inst_sanitarias,inst_electricas_y_comunicaciones,otros,gastos_generales,utilidad,sub_total
2152468,21/07/2025,MARISCAL LUZURIAGA,2063761.17,3370047.17,379055.6,1292046.25,7104910.19,1649648.37,2970743.46,1849045.9,242114.54,393357.92,0.0,740399.41,710491.02,8555800.62
2372375,01/09/2025,SOCABAYA - AREQUIPA,268963.17,475490.22,39976.6,0.0,784429.99,43058.02,373248.12,226040.16,38871.4,63855.35,39356.94,78443.0,62754.4,925627.39
3,01/11/2025,CALLAYUC Y SANTA CRUZ - CUTERVO - CAJAMARCA,5836886.37,11618250.11,2076720.86,135590.0,19667447.34,594321.5,10050537.75,6791216.49,667613.25,1563758.35,0.0,1792386.56,983648.69,22449009.04
2517099,01/06/2025,SANTA MARIA DEL VALLE - HUANUCO,1475421.16,1729265.08,176263.0,72068.66,3453017.9,484146.91,1854710.72,835199.44,119230.27,159730.56,0.0,446408.83,241711.25,4141137.98
2300534,21/03/2025,CHINCHO - ANGARAES - HUANCAVELICA,915626.98,1737571.63,159461.7,0.0,2812660.31,327694.03,1484576.25,624472.92,90240.26,285676.85,0.0,350484.34,140633.02,3303777.67
2483346,18/06/2025,MARCARA - CARHUAZ - ANCASH,236092.3,654164.14,15726.32,31000.0,936982.76,0.0,470557.84,352059.69,22402.98,21937.2,70025.05,93698.28,74958.62,1105639.67
2535785,20/05/2025,INDEPENDENCIA - HUARAZ - ANCASH,400592.3,683906.49,106549.76,5400.0,1196448.55,808032.05,149456.36,238960.14,0.0,0.0,0.0,172288.55,119644.83,1488381.66
2239769,20/08/2025,CHANCAY - HUARAL - LIMA,4688629.47,7494123.1,465602.4,2046091.54,14694446.51,2141143.35,6209368.6,3681191.98,344827.27,824231.41,1493683.9,1469687.7,1469687.7,17636252.39
2517099,01/06/2025,SANTA MARIA DEL VALLE - HUANUCO,1475421.16,1729265.08,176263.0,72068.56,3453017.8,484146.91,1854710.72,835199.44,119230.27,159730.46,0.0,446408.83,241711.25,4141137.98
2452285,01/02/2025,CUPI - MELGAR - PUNO,1710696.0,4164729.24,247987.93,0.0,6123413.17,955186.44,2959660.44,1313399.1,200514.41,299222.05,395430.73,756093.68,286399.12,6770475.24
2569454,01/07/2025,CHILCAYOC - SUCRE - AYACUCHO,983180.12,1869449.12,327099.94,67576.74,3247305.92,496971.04,1582634.25,888421.83,96113.62,114800.68,68364.5,357203.65,259784.47,3864294.04
2438523,18/02/2025,CHANCAY - HUARAL - LIMA,387350.35,655399.64,71294.42,9500.0,1123544.41,57470.48,500578.2,372532.75,46168.25,99111.33,47683.4,89883.55,78648.11,1292076.07
13,01/06/2025,CUTERVO - CUTERVO - CAJAMARCA,5160002.2,8034859.82,977244.12,0.0,14172106.14,4752829.86,5327615.21,4091661.07,,0.0,0.0,1417347.97,992143.58,16582971.29
14,01/04/2025,CUTERVO - CUTERVO - CAJAMARCA,6153146.24,10367390.61,2194920.85,2678735.34,21394193.04,2273821.56,11027532.38,4139018.98,918451.37,779661.44,2255707.31,2224996.08,1925477.37,25544666.49
15,01/04/2025,CUTERVO - CUTERVO - CAJAMARCA,2809010.62,7478868.36,744602.82,22396.28,11054878.08,,,,,,,,,
16,09/04/2025,CUJILLO - CUTERVO - CAJAMARCA,2219141.53,4059021.37,722881.61,43552.23,7044596.74,,,,,,,704536.13,352268.06,8102165.48
2690670,05/05/2025,UTCO - CELENDIN - CAJAMARCA,175238.1,287384.23,33807.52,9400.0,505829.85,53689.22,217949.2,119254.54,20010.58,25977.33,68948.98,53835.0,25291.49,584956.34
18,01/10/2024,CHANCAY - HUARAL - LIMA,443074.89,726926.81,30929.73,12000.0,1212931.43,0.0,612169.67,366289.52,44797.49,133338.65,56336.1,84905.2,60646.57,1358483.2
19,20/03/2025,ANDAMARCA - CONCEPCIÓN - JUNÍN,1089824.97,1746093.5,154471.29,371775.03,3362164.79,520368.9,1628106.93,910875.66,158415.22,144398.08,0.0,413546.26,168108.24,3943819.29
20,10/01/2025,YAURISQUE - PARURO - CUSCO,4275518.06,5675787.05,400964.9,270000.48,10622270.49,1080036.94,4704417.89,3375739.54,397728.74,0.0,1064347.38,,,
21,10/01/2025,YAURISQUE - PARURO - CUSCO,4275518.06,5675787.05,400964.9,270000.48,10622270.49,1080036.94,4704417.89,3375739.54,397728.74,0.0,1064347.38,,,
2493448,01/07/2024,SOCABAYA - AREQUIPA - AREQUIPA,586204.62,973768.98,95216.23,0.0,1655189.83,88093.61,872834.66,462118.19,112086.99,45495.54,74560.84,165518.98,132415.19,1953124.0
23,21/10/2024,PIURA - PIURA - PIURA,145067.43,655955.33,201238.47,0.0,1002261.23,,,,,,,,,
24,13/11/2024,CHACHAPOYAS - CHACHAPOYAS - AMAZONAS,2318009.98,4851496.09,404986.99,207499.05,7781992.11,0.0,4314486.77,2388846.07,280821.21,797838.06,0.0,971765.81,544739.45,9298497.37
2537343,01/09/2024,INDEPENDENCIA - HUARAZ - ANCASH,397282.73,829409.93,78893.87,4400.0,1309986.53,0.0,676532.63,529660.33,40439.72,63353.77,0.08,169492.74,130998.65,1610477.84
26,15/02/2024,NINABAMBA - SANTA CRUZ - CAJAMARCA,2035041.64,3364362.28,415339.06,0.0,5814742.98,996704.81,2853558.37,1246096.13,271881.88,393626.82,52874.97,711010.98,290790.53,6817612.05
27,04/12/2024,SANTA ROSA - MELGAR - PUNO,2047865.94,3523699.06,332497.41,0.0,5904062.41,112584.45,2662527.82,1753194.26,287693.94,1068529.06,19532.88,557913.43,295203.12,6757178.92
28,15/02/2024,NINABAMBA - SANTA CRUZ - CAJAMARCA,2035041.64,3364362.28,415339.06,0.0,5814742.98,996704.81,2853558.37,1246096.13,271881.88,393626.82,52874.97,711010.98,290790.53,6817612.05
29,13/05/2024,RAYMONDI - ATALAYA - UCAYALI,421715.01,921174.13,47570.95,0.0,1390460.09,72962.16,578263.75,132171.71,113881.51,131031.8,362149.16,193246.14,139046.01,1722752.24
30,20/08/2024,YANATILE - CALCA - CUSCO,1072992.87,1917825.96,184212.51,162956.49,3337987.83,455272.3,1261732.79,1143162.18,139861.13,271192.08,66767.35,433406.32,333971.08,4107088.17
31,03/06/2024,HUARAZ - HUARAZ - ANCASH,614365.64,829998.6,88540.52,55802.24,1588707.0,39417.28,,,,,,165121.55,111209.49,1865038.04
2541077,16/09/2024,SAN MARCOS - HUARI - ANCASH,1300123.63,1953811.07,386567.34,790188.93,4430690.97,0.0,3082393.49,1026218.65,80625.54,190813.12,50640.17,490994.79,443070.07,5364765.59
33,28/06/2024,AYNA - LA MAR - AYACUCHO,5232476.3,9676983.79,817137.8,451097.48,16177695.37,999397.83,9537652.82,4225682.27,450665.99,964296.46,0.0,1678113.69,645035.39,18801948.44
34,18/06/2024,SAN FRANCISCO DE ASIS DE YARUSYACAN - PASCO - PASCO,350420.04,409557.73,34316.38,0.0,794294.15,75018.88,356381.39,197623.63,28263.58,31099.13,105907.54,63543.52,63543.52,921381.07
35,15/05/2024,SAN MARCOS - HUARI - ANCASH,1054742.28,1845624.39,380357.05,8000.0,3288723.72,0.0,1548716.29,1271387.45,142888.33,325731.65,0.0,560323.18,328872.37,4177919.27
2313820,10/09/2024,TAPUC - DANIEL ALCIDES CARRION - PASCO,1143460.01,2361439.68,118992.38,69900.92,3693792.99,355910.89,921362.43,678769.41,55701.76,119944.93,1562103.57,372592.89,372592.89,4471114.64
2483346,18/06/2025,MARCARA - CARHUAZ - ANCASH,236092.3,654164.14,15726.32,31000.0,936982.76,30575.06,470557.84,352059.69,22402.98,21937.2,39449.99,93698.28,74958.62,1105639.67
2545580,15/09/2024,CHIMBOTE - SANTA - ANCASH,16797487.62,34376699.88,2951909.84,660606.79,54786704.13,1997003.98,40418222.68,8981389.44,794633.09,2595454.94,0.0,5478670.41,5478670.41,65744044.94
2152468,21/07/2025,ELEAZAR GUZMAN B. - MARISCAL LUZURRIAGA - ANCASH,2063761.17,3370047.17,379055.6,1292046.25,7104910.19,1649648.37,2970743.46,1849045.9,242114.54,393357.92,0.0,740399.41,710491.02,8555800.62
2567753,12/05/2025,PALCAZU - OXAPAMPA - PASCO,3095381.11,5572659.41,422630.04,449318.17,9539988.73,1939506.17,3460625.14,2417850.52,478332.29,1229149.87,14524.74,886593.35,667796.57,11094340.87
2452285,25/02/2025,CUPI - MELGAR - PUNO,1710696.0,3769819.29,247987.93,0.0,5728503.22,955186.44,2959660.44,1313399.1,200514.41,299222.05,520.78,756093.68,286399.12,6770475.24
2300534,21/03/2025,CHINCHO - ANGARAES - HUANCAVELICA,828621.1,1523876.39,156760.46,0.0,2509257.95,334029.22,1211912.53,566242.93,90903.4,306169.87,0.0,346023.61,125462.9,2980744.46
2243273,01/09/2025,SAN VICENTE DE CAÑETE - CAÑETE - LIMA,12893969.94,19924300.45,7906224.72,2497960.61,43222455.72,3002580.61,24918563.39,11082852.88,482696.24,3735762.6,0.0,5402814.35,4322251.48,52947580.61
2237775,23/05/2025,YUNGAR - CARHUAZ - ANCASH,0.0,0.0,42760.0,670.0,43430.0,0.0,0.0,0.0,0.0,43430.0,0.0,4800.0,1086.1,49316.1
2567753,12/05/2025,PALCAZU - OXAPAMPA - PASCO,3095401.11,5572659.41,422630.04,449318.17,9540008.73,1939506.17,3460625.14,2432337.48,478332.29,1229149.87,57.78,886593.35,667796.57,11094340.87
2116832,30/11/2024,CHINCHA ALTA - CHINCHA -ICA,1126806.84,2231367.74,116409.89,0.0,3474584.47,0.0,1157041.83,1211791.74,730372.24,375378.66,0.0,347458.447,347458.447,4169501.364
2567582,04/12/2023,PURUS - PURUS - UCAYALI,837214.08,16369910.06,77190.99,299350.0,17583665.13,14821348.25,1444611.75,844753.06,277851.21,195100.86,0.0,1758366.51,1758366.51,21100398.15
2308038,01/10/2024,YURIMAGUAS - ALTO AMAZONAS - LORETO,5029734.92,14698631.5,727089.25,913163.43,21368619.1,1882547.89,11618620.22,4579101.99,899583.97,2388765.03,0.0,2055661.16,1068430.96,24492711.22
2453214,01/07/2025,SAPALLANGA - HUANCAYO - JUNIN,3963330.3,10255887.06,473869.63,2032000.0,16725086.99,3635598.17,7250753.67,5212352.47,169860.3,456522.38,0.0,1672888.03,1171021.62,19572789.97
2089921,31/08/2024,ABANCAY - APURIMAC,1878980.29,3040098.12,804535.95,0.0,5723614.36,198932.56,1112997.9,598682.37,619536.46,68527.34,3124937.73,572361.436,572361.436,6868337.23
2382416,01/06/2025,PAUCARPATA - AREQUIPA,131651.33,624307.98,81387.51,0.0,837346.82,47613.59,727133.36,62599.87,0.0,0.0,0.0,212498.74,66987.75,1116833.31
2302998,01/09/2024,ALBARRACIN - TACNA,7800157.02,26990231.77,3725691.11,0.0,38516079.9,2539114.02,12947122.23,8659242.27,784841.2,13585760.18,0.0,7149665.33,3081286.39,48747031.62
2332612,31/03/2025,OROPESA - QUISPICANCHI - CUSCO,5136115.97,6548767.48,657995.91,169707.36,12512586.72,2158681.42,9438750.18,806925.08,,108230.04,0.0,1806253.81,1194773.91,15513614.44
54,12/09/2024,RIO NEGRO - SATIPO - JUNIN,2750846.52,5907802.3,314763.75,160119.22,9133531.79,1437129.89,3900855.16,2481641.66,360567.92,953337.16,0.0,1147171.59,456676.59,10737379.97
55,01/02/2025,LA COIPA - SAN IGNACIO - CAJAMARCA,1065587.5,2486533.34,132997.97,73580.0,3758698.81,296501.5,1788342.93,1371055.1,120478.78,182320.5,0.0,375869.88,187934.94,4322503.63
56,12/02/2025,HUABAL - JAEN - CAJAMARCA,1414361.88,3081866.44,230722.75,57000.0,4783951.07,93193.42,1794614.6,1313383.95,579282.31,1003476.79,0.0,426364.68,239197.55,5449513.3
57,12/02/2025,HUABAL - JAEN - CAJAMARCA,1414361.88,3081866.44,230722.75,57000.0,4783951.07,93193.42,1794614.6,1313383.95,579282.31,1003476.79,0.0,426364.68,239197.55,5449513.3
2314925,30/07/2024,BARRANCA - MARAÑON - LORETO,4207779.8,9928009.0,1548161.82,108000.0,15791950.62,972791.64,4215152.87,6687026.23,1783476.75,1961225.52,172277.61,2017011.51,1579262.41,19388897.96
2302998,01/09/2024,ALBARRACIN - TACNA,7800157.02,26990231.77,3725691.11,0.0,38516079.9,2698541.73,12947122.23,15291776.34,784841.2,6793798.4,0.0,7149665.33,3081286.39,48747031.62
2505734,01/03/2025,SOCABAYA - AREQUIPA,712691.67,852346.33,77200.45,112153.75,1754392.2,211992.51,623207.19,722549.0,72486.1,124157.4,0.0,181020.0,133333.81,2068746.01
2483786,18/02/2025,HUALMAY - HUAURA - LIMA,11078978.73,20443151.85,1797443.15,0.0,33319573.73,0.0,21518223.3,6582852.93,746437.2,1389967.36,3082092.94,3331748.08,3331748.08,39980976.95
62,01/10/2024,PUERTO BERMUDEZ - OXAPAMPA - PASCO,15789022.73,22780100.98,3963776.85,651519.07,43184419.63,10122756.28,18256760.46,10418961.21,1404708.59,2981233.09,0.0,3653169.07,3454753.57,50292342.27
63,01/03/2025,HUARMACA - HUANCABAMBA - PIURA,3600864.9,7647477.13,714017.51,3778750.66,15741110.2,0.0,9514098.54,4595894.34,355922.73,1275194.59,0.0,1574268.73,1574268.73,18889647.66
64,01/12/2024,LEONARDO ORTIZ - CHICLAYO - LAMBAYEQUE,3350182.97,5097968.77,563858.3,536565.24,9548575.28,194860.25,5970781.48,2427375.01,487208.25,468350.29,0.0,821468.71,477428.76,10847472.75
65,28/12/2024,PIURA - PIURA,4625090.86,7544372.61,660417.49,0.0,12829880.96,0.0,6569328.58,5008479.04,553693.38,698379.96,0.0,1026390.48,898091.67,14754363.11
66,20/08/2024,YANATILE - CALCA - CUSCO,1072992.87,1917825.96,184212.51,164781.41,3339812.75,455272.3,1261732.79,1143162.18,139861.13,339682.37,101.98,433406.32,333971.08,4107088.17
67,20/03/2025,ANDAMARCA - CONCEPCION - JUNIN,1089824.97,1746093.5,154471.29,371775.03,3362164.79,520368.9,1628106.93,910875.66,158415.22,144398.08,0.0,413546.26,168108.24,3943819.29
68,15/01/2025,EMILIO SAN MARTIN - REQUENA - LORETO,265180.44,558133.5,18267.79,0.0,841581.73,130975.33,164769.47,334579.53,123533.44,87723.96,0.0,84167.18,84167.18,1010006.14
69,01/01/2025,CUTERVO - CUTERVO - CAJAMARCA,381344.68,976835.22,55332.28,42374.28,1455886.46,653617.86,243124.89,166616.95,81931.96,235981.29,74613.51,125086.16,72796.46,1653811.81
70,01/10/2024,PUERTO BERMUDEZ - OXAPAMPA - PASCO,15789022.73,22780100.98,3963776.85,651519.07,43184419.63,10122756.28,18256760.46,10418961.21,1404708.59,2981233.09,0.0,3653169.07,3454753.57,50292342.27
71,31/10/2021,PAMPAS CHICO - RECUAY - ANCASH,4962438.59,8680042.94,2107628.66,1983352.8,17733462.99,188019.97,10306654.49,3435891.6,723185.54,1384711.39,1695000.0,2697259.72,1773346.3,22204069.01
72,31/07/2024,CATILLUC - SAN MIGUEL - CAJAMARCA,1224897.19,2312213.53,188926.53,0.0,3726037.25,340417.4,2056142.57,1020348.21,76795.54,232334.66,0.0,454267.24,260822.69,4441128.31
73,12/09/2024,RIO NEGRO - SATIPO - JUNIN,2750846.52,5907802.3,314763.75,160119.22,9133531.79,1437129.89,3900855.16,2481641.66,360567.92,953337.16,0.0,1147171.59,456676.59,10737739.97
2456534,09/10/2024,ICA - ICA,9645782.78,18272022.45,4434036.9,4328992.24,36680834.37,3078932.67,19672473.17,9631337.05,2092288.11,2205803.37,0.0,4036819.98,1834041.72,42551696.07
75,14/06/2024,HUACHO - HUAURA - LIMA,2692244.76,4509355.52,609701.82,1775365.29,9586667.39,2328928.08,4347492.34,1951974.29,402682.74,555589.94,0.0,958701.18,958701.18,11504414.11
76,13/06/2024,HUARAL - HUARAL - LIMA,1405990.42,2154990.08,246455.45,329684.97,4137120.92,103609.61,2164778.82,1549394.91,121095.06,198219.93,22.59,413658.25,413658.25,4964466.41
77,20/03/2025,ANDAMARCA,1089824.97,1746093.5,154471.29,371775.03,3362164.79,520368.9,1628106.93,910875.66,158415.22,144398.08,0.0,413546.26,168108.24,3943819.29
2521198,01/11/2025,OXAPAMPA,192653.76,493074.81,49447.27,123000.0,858175.84,17918.79,565430.46,227108.49,8820.83,12220.25,26677.02,85455.67,77239.34,1020909.93
2314925,01/07/2025,BARRANCA,4803046.56,14303146.09,1613553.44,186980.44,20906726.53,1846376.38,5077363.11,7418223.19,1799217.23,2512523.17,2253023.45,2243342.85,1865370.31,22762416.23
2453214,09/07/2025,SAPALLANGA,3962400.13,10207578.07,473869.62,2032000.0,16675847.82,236589.4,7250753.67,5212352.47,169860.3,460315.71,3345976.27,1672888.03,1171021.62,19572789.97
2377329,01/04/2025,EL TAMBO,6172794.03,16486871.71,1350659.02,0.0,24010324.76,891992.07,7653337.53,6256917.64,598338.75,1436803.61,7172935.16,3245592.23,1440351.59,28691803.53
2315965,01/09/2025,SURCUBAMBA,2083613.45,3273318.22,228792.4,477112.08,6062836.15,136645.81,2317612.24,2131863.75,145887.88,222475.16,1108351.31,560539.05,424497.74,7049290.18
2472382,18/08/2025,CCOLLPACCASA-YAULI,1890528.4,2212385.5,441907.31,812282.18,5357103.39,229182.28,2632377.16,1288931.12,153749.6,228283.91,824579.32,546605.11,375037.84,6279326.41
2377329,01/04/2025,EL TAMBO,6172794.03,16486871.71,1350659.02,0.0,24010324.76,891992.07,7653337.53,6256917.64,598338.75,1436803.61,7172935.16,3245592.23,1440351.59,28691803.53
85,19/06/2025,CIELOPUNCO,339983.97,692269.53,177314.28,132461.42,1342029.2,,,,,,1342029.2,135054.15,80521.75,1557605.11
2483346,18/06/2025,MARCARA,236092.3,654164.14,15726.32,31000.0,936982.76,936982.76,0.0,0.0,0.0,0.0,0.0,93698.28,74958.62,1105639.67
2624031,12/11/2024,MARISCAL LUZURIAGA,113414.4,412948.49,58905.85,0.0,585268.74,41589.64,149081.01,306238.78,23671.11,13850.56,50837.64,58931.41,46821.5,691021.65
2493333,01/03/2025,RIO TAMBO,354914.69,617951.42,23742.03,0.0,996608.14,0.0,572202.02,320748.0,78011.88,25646.24,0.0,86753.95,76911.74,1262404.9
89,15/10/2024,SAN JUAN DE RONTOY,215981.4,384169.32,38633.02,2280.0,641063.74,,71796.35,54199.61,1767.57,3811.53,509488.68,70518.03,64107.3,775698.31
90,10/01/2025,YAURISQUE - PARURO - CUSCO,4275518.06,5675787.05,400961.9,270000.48,10622267.49,1080036.94,4704417.89,3375739.54,397728.74,627804.4,436539.98,72993.09,54001.85,1207031.88
91,10/01/2025,YAURISQUE - PARURO - CUSCO,4275518.06,5675787.05,400961.9,270000.48,10622267.49,1080036.94,4704417.89,3375739.54,397728.74,627804.4,436539.98,72993.09,54001.85,1207031.88
92,01/04/2025,CUTERVO - CUTERVO - CAJAMARCA,8102797.91,13112430.0,1875049.61,436159.47,23526436.99,,,,,,23526436.99,2410355.66,1882547.94,27824752.84
93,31/03/2025,CONCHUCOS,233147.0,314753.33,18918.76,106560.4,673379.49,28400.22,339638.2,217070.98,0.0,31720.82,56549.27,67337.95,67337.95,808055.39
94,01/04/2025,RIO TAMBO,361259.61,655026.9,80340.87,12854.69,1109482.07,0.0,524822.16,297695.57,83724.12,53460.62,149779.6,77646.51,77646.51,1264528.9
2102803,01/07/2024,HUARMEY,185014.99,393153.0,27094.2,10893.32,616155.51,0.0,351049.98,234164.74,13382.68,17558.11,0.0,61615.55,61615.55,739386.61
96,01/01/2025,HAQUIRA,1833226.89,2677255.91,145410.86,487862.62,5143756.28,228105.13,2144569.08,1721593.84,201866.69,817479.36,30142.18,400000.0,302708.85,6108224.01
2676292,01/03/2025,UTICYACU,93890.63,447587.26,67073.19,0.0,608551.08,0.0,9149.0,26004.93,6497.29,28199.56,538700.3,43100.0,30418.96,681898.24
2193638,30/11/2024,ATALAYA,514828.52,1154974.21,69187.03,14870.73,1753860.49,135109.95,643852.13,508276.92,114940.76,137383.3,214297.43,231941.03,175386.05,2161187.57
2235904,01/03/2025,HUARAL - HUARAL - LIMA,1443954.78,2122580.43,242109.25,327884.97,4136529.43,709133.57,1504518.42,1495759.31,124731.78,199193.5,103192.85,413643.04,413694.62,4964283.85
100,10/01/2025,SANTIAGO DE PAUCARAY,,,,,4259255.28,0.0,2064224.94,1624426.66,273614.43,296989.25,0.0,402499.63,212962.76,4874717.67
2213838,26/03/2024,PALCAZU - OXAPAMPA - PASCO,12093496.59,18687375.63,7415396.67,2342884.17,40539153.06,2816176.75,23371588.64,10394815.88,452729.87,3503841.91,0.0,5597686.12,3420251.4,49557090.58
2464212,16/10/2025,CUJILLO - CUTERVO - CAJAMARCA,4172286.47,9844264.57,1535102.81,107089.0,15658742.85,964585.98,4179597.34,6630620.04,1768432.82,1944682.25,170824.42,1974195.4,793958.94,18426897.19
2601374,09/06/2025,CUJILLO - CUTERVO - CAJAMARCA,154186.43,252860.24,29746.16,8270.76,445063.59,47239.44,191766.56,104928.27,17606.67,22856.63,60666.01,60695.33,30940.69,536699.61
2336468,06/08/2024,LEONARDO ORTIZ - CHICLAYO - LAMBAYEQUE,3132410.36,6727260.49,358423.93,182329.0,10400423.78,1636471.0,4441934.15,2825864.69,410581.5,1085572.45,0.0,1386999.47,550392.08,12337815.33
2323974,04/03/2025,CHACHAPOYAS - CHACHAPOYAS - AMAZONAS,3744593.1,8835147.22,1377742.26,96111.51,14053594.09,865708.05,3751154.55,5950927.44,1587154.05,1745336.47,153313.52,1945855.99,1332757.13,17332207.21
2284251,20/04/2024,ELEAZAR GUZMAN B. - MARISCAL LUZURRIAGA - ANCASH,2322635.07,2718057.11,542911.4,997940.62,6581544.2,281565.09,3234043.73,1583534.33,188891.22,280461.39,1013048.44,971905.0,618882.44,8172331.64
2381212,01/08/2025,EL TAMBO,402180.23,470053.09,39385.22,0.0,911618.54,86099.84,409022.13,226814.42,32438.37,35692.75,121551.04,100251.19,67501.66,1079371.39
2314370,27/04/2025,SAN JUAN DE RONTOY,295411.03,514348.02,19761.53,0.0,829520.58,0.0,476268.79,266972.6,64932.7,21346.49,0.0,93289.36,42400.54,965210.48
2130557,25/09/2025,HUARAZ - HUARAZ - ANCASH,192207.13,259483.64,15596.69,87848.73,555136.19,23413.23,279998.81,178954.01,0.0,26150.74,46619.4,64740.57,31979.11,651855.87
2563189,26/02/2024,PUERTO BERMUDEZ - OXAPAMPA - PASCO,862240.95,1636261.76,150164.22,0.0,2648666.93,308587.69,1398017.39,588062.75,84978.76,269020.34,0.0,265755.92,248285.19,3162708.04
2390998,15/12/2025,PIURA - PIURA - PIURA,5022770.14,8785571.79,2133252.45,2007465.69,17949060.07,190305.85,10431959.1,3477663.94,731977.77,1401546.21,1715607.2,2480824.82,1217517.38,21647402.27
2459340,02/12/2025,SOCABAYA - AREQUIPA - AREQUIPA,1744506.95,3651178.69,304788.43,156161.34,5856635.41,0.0,3247031.81,1797817.35,211342.73,600443.51,0.0,700020.07,341274.95,6897930.43
2571156,30/07/2024,YURIMAGUAS - ALTO AMAZONAS - LORETO,304337.34,635367.2,60436.43,3370.61,1003511.58,0.0,518255.96,405744.84,30978.74,48531.98,0.06,139384.15,96096.39,1238992.12
2397381,20/11/2024,HUABAL - JAEN - CAJAMARCA,1603102.59,2650273.96,327183.05,0.0,4580559.6,785153.5,2247888.55,981611.33,214174.76,310079.24,41652.22,683666.24,340629.94,5604855.78
2256052,13/04/2025,YAURISQUE - PARURO - CUSCO,3157354.41,4191415.17,296101.73,199388.05,7844259.36,797578.06,3474085.33,2492892.32,293711.91,0.0,785991.74,1040989.81,619617.67,9504866.84
2572259,14/10/2025,SAPALLANGA - HUANCAYO - JUNIN,1130264.25,2462823.35,184378.33,45550.62,3823016.55,74474.0,1434137.02,1049569.38,462924.02,801912.13,0.0,485741.14,380791.16,4689548.85
2621380,17/06/2024,ANDAMARCA,1360573.56,2179880.91,192847.07,464136.25,4197437.79,649645.76,2032582.57,1137167.32,197770.8,180271.34,0.0,498881.66,387951.72,5084271.17
2198664,18/07/2025,CATILLUC - SAN MIGUEL - CAJAMARCA,3524003.92,6344274.27,481149.25,511532.73,10860960.17,2208058.7,3939798.47,2769129.59,544564.28,1399343.35,65.78,1189159.97,896412.54,12946532.68
2320258,23/12/2025,PIURA - PIURA,3952805.46,10182861.16,472722.18,2027079.66,16635468.46,236016.52,7233196.49,5199731.13,169449.0,459201.09,3337874.23,2327418.24,1022176.33,19985063.03
2101667,07/09/2025,PUERTO BERMUDEZ - OXAPAMPA - PASCO,4216755.36,5597779.06,395451.08,266289.59,10476275.09,1065192.92,4639760.39,3329343.39,392262.36,619175.86,430540.18,1288542.45,618179.72,12382997.26
2535358,12/04/2025,CUTERVO - CUTERVO - CAJAMARCA,6904083.42,13742492.64,2456421.65,160380.83,23263378.54,702985.28,11888144.93,8032900.12,789677.45,1849670.77,0.0,3329613.04,1472182.6,28065174.18
2519743,14/03/2025,MARCARA - CARHUAZ - ANCASH,87842.89,319841.14,45624.37,0.0,453308.4,32212.44,115467.77,237191.23,18333.99,10727.68,39375.29,45879.22,37665.87,536853.49
2428818,08/10/2024,PIURA - PIURA,4354644.91,7103225.6,621800.47,0.0,12079670.98,0.0,6185195.96,4715614.99,521316.91,657543.13,0.0,1254726.29,1178117.01,14512514.28
2105353,11/07/2025,HUARAZ - HUARAZ - ANCASH,115001.91,418728.7,59730.38,0.0,593460.99,42171.79,151167.76,310525.33,24002.44,14044.43,51549.24,85484.85,36986.61,715932.45
2561587,05/06/2025,RIO TAMBO,1232705.4,1889392.6,216080.39,289052.07,3627230.46,90839.97,1897974.9,1358435.62,106170.38,173789.79,19.81,443976.38,275533.64,4346740.48
2533483,07/10/2024,HUARAL - HUARAL - LIMA,594586.58,803277.39,85690.02,54005.73,1537559.72,38148.27,,,,,,202683.77,90104.56,1830348.05
2188492,13/06/2024,ABANCAY - APURIMAC,1951505.38,3569489.33,635699.58,38299.68,6194993.97,,,,,,,840339.6,457565.0,7492898.57
2033226,12/12/2025,MARCARA,1640390.05,2711918.17,334793.18,0.0,4687101.4,803415.82,2300173.45,1004443.18,219156.37,317291.55,42621.03,518947.97,307657.05,5513706.42
2220089,10/08/2025,CHILCAYOC - SUCRE - AYACUCHO,3656625.39,4854201.69,342924.16,230917.19,9084668.43,923698.7,4023440.82,2887092.21,340156.44,0.0,910280.25,955512.16,804813.81,10844994.4
2441279,14/08/2024,HUARMACA - HUANCABAMBA - PIURA,989122.42,1584750.1,140197.76,337422.09,3051492.37,472285.51,1477665.78,826708.47,143777.26,131055.34,0.0,429184.35,179582.09,3660258.81
2007453,20/10/2024,PALCAZU - OXAPAMPA - PASCO,1555597.86,3787139.22,225504.41,0.0,5568241.49,868585.64,2691326.49,1194321.4,182335.02,272093.45,359579.49,631808.83,410256.16,6610306.48
2683540,25/02/2024,RIO TAMBO,1730971.23,2978428.21,281045.47,0.0,4990444.91,95162.7,2250517.95,1481898.19,243175.06,903180.73,16510.29,666777.65,257307.07,5914529.63
2373230,09/04/2025,HUARMEY,222050.81,615258.01,14791.0,29156.29,881256.11,28756.62,442571.61,331121.09,21070.57,20632.49,37103.72,102127.9,52343.22,1035727.23
2687889,27/10/2024,HUARMACA - HUANCABAMBA - PIURA,4036252.19,12019684.58,1355953.67,157129.48,17569019.92,1551607.01,4266774.79,6233922.41,1511976.7,2111405.13,1893333.89,1775528.08,1413478.53,20758026.53
2126765,07/05/2024,CHANCAY - HUARAL - LIMA,892752.06,1430347.64,126538.27,304547.0,2754184.97,426270.66,1333696.56,746162.13,129769.02,118286.59,0.0,359150.51,208462.46,3321797.94
2239032,07/09/2024,YUNGAR - CARHUAZ - ANCASH,2454994.68,4008917.31,450914.33,1536983.41,8451809.73,1962377.25,3533916.37,2199575.18,288012.93,467927.98,0.0,967144.34,611497.37,10030451.44
2173889,03/12/2025,PAMPAS CHICO - RECUAY - ANCASH,933359.17,1495407.45,132293.9,318399.42,2879459.94,445659.72,1394360.18,780101.55,135671.6,123666.9,0.0,349229.01,169636.72,3398325.67
2573568,01/09/2024,NINABAMBA - SANTA CRUZ - CAJAMARCA,1257484.6,1473832.87,150226.94,61423.21,2942967.62,412632.88,1580748.76,711830.94,101618.6,136136.45,0.0,396899.59,281101.25,3620968.46
2488757,11/05/2024,OXAPAMPA,294007.32,814634.97,19584.09,38604.51,1166830.89,38075.33,585988.82,438422.28,27898.58,27318.54,49127.34,171434.53,84709.33,1422974.75
2092999,09/08/2025,ALBARRACIN - TACNA,175204.16,287328.56,33800.97,9398.18,505731.87,53678.82,217906.98,119231.44,20006.7,25972.3,68935.62,61906.29,49178.06,616816.22
2399289,05/11/2024,EL TAMBO,7334721.5,11869483.02,1697310.83,394815.26,21296330.61,,,,,,21296330.61,2999618.7,1349023.35,25644972.66
2690896,11/02/2024,YAURISQUE - PARURO - CUSCO,7252265.17,25094407.38,3463994.35,0.0,35810666.9,2508993.11,12037701.73,14217664.68,729713.07,6316594.32,0.0,4338177.66,2981970.04,43130814.6
2288081,20/11/2025,CUTERVO - CUTERVO - CAJAMARCA,1171597.13,2552886.88,191120.9,47216.37,3962821.28,77197.46,1486582.29,1087951.32,479852.79,831237.43,0.0,534317.66,366294.71,4863433.65
2582443,21/07/2025,SANTA ROSA - MELGAR - PUNO,2314375.21,3779290.8,425086.44,1448946.64,7967699.09,1849974.38,3331497.42,2073585.86,271515.86,441125.57,0.0,1001130.22,761899.9,9730729.21
2551913,15/06/2024,BARRANCA - MARAÑON - LORETO,,,,,0.0,0.0,2293896.42,1805164.95,304057.54,330033.11,0.0,0.0,0.0,0.0
2563710,15/04/2025,ANDAMARCA,1707054.5,2822128.87,348398.97,0.0,4877582.34,836066.15,2393651.1,1045263.13,228062.75,330186.09,44353.12,691950.31,351123.95,5920656.6
2198952,01/08/2025,MARCARA,1734268.51,3172142.41,564935.04,34036.25,5505382.21,,,,,,,780699.96,536164.42,6822246.59
2027977,16/11/2024,CHILCAYOC - SUCRE - AYACUCHO,5386191.65,10721147.84,1916367.02,125120.43,18148826.94,548431.01,9274486.27,6266833.24,616063.55,1443012.87,0.0,2065532.83,1654514.48,21868874.25
2589308,07/07/2024,CONCHUCOS,5642294.77,8785858.17,1068584.7,0.0,15496737.64,5197065.04,5825574.15,4474098.45,,0.0,0.0,1790594.74,1053842.54,18341174.92
2324717,24/04/2024,ELEAZAR GUZMAN B. - MARISCAL LUZURRIAGA - ANCASH,3624898.52,5793896.9,359969.04,1581885.33,11360649.79,1655372.3,4800620.56,2846023.01,266594.72,637234.24,1154804.96,1368261.45,699713.74,13428624.98
2682728,05/11/2025,EL TAMBO,738860.67,1358802.39,139779.37,0.0,2237442.43,297845.48,1080632.03,504904.63,81056.28,273004.0,0.0,300915.47,157929.97,2696287.87
2409376,26/04/2025,CUPI - MELGAR - PUNO,197039.46,348338.9,29286.42,0.0,574664.78,31543.83,273437.46,165594.53,28476.76,46779.73,28832.46,74252.35,41132.09,690049.22
2244233,07/03/2025,UTICYACU,8797665.62,14236906.3,2035847.33,473562.99,25543982.24,,,,,,25543982.24,3395110.24,2388315.74,31327408.22
2422650,17/02/2025,HUABAL - JAEN - CAJAMARCA,318853.98,816761.87,46265.02,35430.43,1217311.3,546509.93,203284.17,139313.54,68505.82,197311.19,62386.64,171890.23,98908.75,1488110.28
2450605,03/02/2025,CHACHAPOYAS - CHACHAPOYAS - AMAZONAS,366138.75,600702.22,25559.05,9916.3,1002316.32,0.0,505871.67,302686.5,37018.79,110185.54,46553.82,128908.28,63653.06,1194877.66
2356790,16/01/2025,CATILLUC - SAN MIGUEL - CAJAMARCA,2316060.11,2710362.78,541374.51,995115.63,6562913.03,280768.03,3224888.73,1579051.63,188356.5,279667.45,1010180.68,691238.45,634934.84,7889086.32
2035914,30/11/2025,CHINCHA ALTA - CHINCHA -ICA,1445200.57,1693845.09,172652.66,70592.5,3382290.82,474230.28,1816721.26,818092.31,116788.11,156458.85,0.0,463677.01,295105.85,4141073.68
2653058,27/10/2025,HUARAZ - HUARAZ - ANCASH,263238.33,729380.32,17534.54,34564.4,1044717.59,0.0,524662.86,392539.72,24978.89,24459.55,78076.57,125067.02,88463.39,1258248.0
2140349,01/12/2025,RIO TAMBO,3755673.53,4985688.96,352210.42,237172.11,9330745.02,948719.22,4132425.01,2965295.78,349370.36,551471.97,383462.69,1050509.44,564030.99,10945285.45
2235414,08/06/2025,LEONARDO ORTIZ - CHICLAYO - LAMBAYEQUE,1750281.75,2051415.01,209099.56,85494.43,4096290.75,574340.08,2200230.29,990791.23,141442.03,189487.12,0.0,463822.63,309697.15,4869810.53
2699105,07/10/2025,CHIMBOTE - SANTA - ANCASH,331303.76,387215.34,32444.34,0.0,750963.44,70926.41,336939.9,186842.77,26721.73,29402.6,100130.02,90800.39,41696.87,883460.7
2087733,22/03/2024,RIO TAMBO,2511626.0,6687094.78,665773.13,20025.23,9884519.14,,,,,,,1110908.4,910736.35,11906163.89
2487685,16/09/2024,MARISCAL LUZURIAGA,1393671.4,2232909.55,197538.34,475427.01,4299546.3,665449.29,2082027.97,1164830.5,202581.85,184656.69,0.0,453666.35,283630.84,5036843.49
2541916,01/03/2025,ANDAMARCA,1258365.18,2741952.74,205275.24,50713.2,4256306.36,82914.67,1596678.02,1168524.59,515390.51,892798.56,0.0,606051.8,398279.41,5260637.57
2156458,15/11/2025,OXAPAMPA,1122149.08,1719940.69,196701.03,263128.17,3301918.97,82692.9,1727753.28,1236603.07,96648.39,158203.29,18.03,442199.07,297736.5,4041854.54
2603539,13/07/2024,CIELOPUNCO,8901686.76,30801763.12,4251829.18,0.0,43955279.06,2897684.96,14775500.83,9882091.1,895675.63,15504326.54,0.0,4554772.49,2369530.89,50879582.44
2036779,18/02/2024,ANDAMARCA - CONCEPCIÓN - JUNÍN,5463732.44,7253151.87,512393.7,345036.64,13574314.65,1380191.31,6011828.34,4313895.38,508262.01,802278.28,557859.33,1677109.28,759180.46,16010604.39
2388514,31/01/2025,ATALAYA,1242968.77,1991457.11,176177.82,424017.4,3834621.1,593491.9,1856890.9,1038873.24,180675.96,164689.11,0.0,395715.3,267949.83,4498286.23
2663505,10/10/2024,AYNA - LA MAR - AYACUCHO,371345.88,775261.38,73743.23,4112.74,1224463.23,0.0,632364.77,495081.12,37799.59,59217.68,0.07,172428.25,66865.99,1463757.47
2340221,10/06/2025,MARCARA,1995553.25,3650057.1,650048.11,39164.15,6334822.61,,,,,,,711025.34,469814.81,7515662.76
2141141,09/07/2025,ICA - ICA,167795.0,464926.11,11176.98,22032.25,665930.34,21730.24,334433.84,250215.09,15922.2,15591.16,28037.81,70960.76,36666.29,773557.39
2471752,13/08/2024,CHIMBOTE - SANTA - ANCASH,2092754.46,2449039.97,489177.25,899170.39,5930142.07,253697.45,2913957.3,1426805.51,170195.89,252702.99,912782.93,769537.45,466890.08,7166569.6
2453734,23/03/2024,CONCHUCOS,11851841.83,22450963.79,5448132.64,5319063.52,45070001.78,3783106.45,24171707.54,11834092.26,2570809.26,2710286.27,0.0,6353283.75,4051237.14,55474522.67
2050280,25/09/2024,MARISCAL LUZURIAGA,394231.42,884424.82,52980.17,11387.3,1343023.71,103460.83,493031.62,389214.51,88016.22,105201.66,164098.87,183910.86,91658.94,1618593.51
2511611,06/09/2025,CCOLLPACCASA-YAULI,2294649.75,3747079.84,421463.42,1436597.24,7899790.25,1834207.01,3303103.01,2055912.65,269201.73,437365.85,0.0,920135.15,558194.17,9378119.57
2376004,04/06/2024,HUARMEY,,,,,0.0,0.0,2512539.19,1977224.27,333038.79,361490.22,0.0,0.0,0.0,0.0
2450396,07/04/2024,SAN FRANCISCO DE ASIS DE YARUSYACAN - PASCO - PASCO,6080840.4,11245955.19,949623.9,524235.87,18800655.36,1161434.54,11084033.88,4910810.48,523734.42,1120642.03,0.0,2394548.59,1448025.97,22643229.92
2154539,02/11/2025,CATILLUC - SAN MIGUEL - CAJAMARCA,1328964.91,2928607.73,192650.98,0.0,4450223.62,742042.57,2299230.75,1020322.32,155770.88,232452.52,404.57,646727.7,414022.85,5510974.17
2141681,28/03/2024,PAUCARPATA - AREQUIPA,177403.5,454043.54,45533.08,113263.45,790243.57,16500.36,520671.6,209130.83,8122.58,11252.91,24565.3,85761.32,49680.7,925685.59
2637201,27/12/2025,PUERTO BERMUDEZ - OXAPAMPA - PASCO,1011631.75,1550548.54,177328.49,237213.41,2976722.19,74548.71,1557591.69,1114813.49,87129.76,142622.29,16.25,315932.12,263543.4,3556197.71
2351028,11/09/2025,PALCAZU - OXAPAMPA - PASCO,232064.92,412777.31,41509.91,2449.79,688801.93,,77142.82,58235.7,1899.2,4095.36,547428.85,70986.8,66486.58,826275.31
2047935,23/07/2025,ICA - ICA,141437.99,361994.03,36302.03,90301.24,630035.29,13155.19,415114.4,166733.15,6475.87,8971.57,19585.11,91221.86,58545.69,779802.84
2069949,13/04/2025,CHINCHO - ANGARAES - HUANCAVELICA,4519696.58,7372455.19,645368.22,0.0,12537519.99,0.0,6419629.98,4894348.3,541076.09,682465.62,0.0,1494643.48,1223400.39,15255563.86
2426677,21/05/2025,SAPALLANGA - HUANCAYO - JUNIN,3007320.45,3992243.8,282031.31,189913.35,7471508.91,759678.04,3309000.67,2374432.86,279755.05,0.0,748642.29,1040214.82,575419.47,9087143.2
2160334,19/12/2025,SAPALLANGA,222982.55,617839.67,14853.07,29278.63,884953.92,0.0,444428.67,332510.5,21158.99,20719.07,66136.69,124441.39,74360.94,1083756.25
2103597,22/02/2024,CHACHAPOYAS - CHACHAPOYAS - AMAZONAS,2301810.34,6128469.71,610155.92,18352.37,9058788.34,,,,,,,974153.93,688748.02,10721690.29
2090419,21/03/2025,SAN VICENTE DE CAÑETE - CAÑETE - LIMA,484561.5,827261.92,128883.93,6531.91,1447239.26,977405.77,180784.3,289049.2,0.0,0.0,0.0,160373.87,113098.35,1720711.48
2393100,30/12/2025,UTCO - CELENDIN - CAJAMARCA,1108072.82,1775329.8,157057.73,377999.97,3418460.32,529081.87,1655367.68,926127.21,161067.7,146815.86,0.0,345379.68,297196.99,4061036.99
2573607,08/07/2025,ANDAMARCA - CONCEPCIÓN - JUNÍN,1073252.02,1918289.15,184257.0,164821.21,3340619.38,455382.26,1262037.52,1143438.28,139894.91,339764.41,102.0,483269.51,232986.7,4056875.59
2478596,06/05/2025,CALLAYUC Y SANTA CRUZ - CUTERVO - CAJAMARCA,952014.29,1750802.76,180104.27,0.0,2882921.32,383770.81,1392383.14,650564.37,104440.18,351762.82,0.0,288487.99,219367.8,3390777.11
2153400,11/11/2025,PURUS - PURUS - UCAYALI,581367.7,1304249.23,78129.13,16792.7,1980538.76,152572.28,727067.01,573969.34,129796.32,155139.45,241994.37,206070.25,117931.58,2304540.59
2304836,15/09/2024,SAN VICENTE DE CAÑETE - CAÑETE - LIMA,1550521.15,1814492.98,362431.28,666195.07,4393640.48,187964.37,2158950.1,1057119.78,126098.08,187227.57,676280.6,484502.36,237377.83,5115520.67
2555036,12/03/2024,PALCAZU - OXAPAMPA - PASCO,3727739.59,7916932.2,739175.56,3911893.07,16295740.42,0.0,9849323.09,4757828.4,368463.49,1320125.44,0.0,1846231.78,1368946.69,19510918.89
2102345,31/03/2025,RIO NEGRO - SATIPO - JUNIN,5362555.79,15671249.63,775201.22,973588.06,22782594.7,2007117.32,12387431.98,4882104.19,959110.03,2546831.19,0.0,3254569.19,2198720.55,28235884.44
2622768,21/07/2024,LEONARDO ORTIZ - CHICLAYO - LAMBAYEQUE,8235369.37,13326965.03,1905727.66,443295.56,23911357.62,,,,,,23911357.62,3483684.26,1532094.51,28927136.39
2327327,26/02/2025,PAUCARPATA - AREQUIPA,459357.48,1030529.63,61732.36,13268.46,1564887.93,120552.31,574479.23,453511.79,102556.28,122580.71,191207.6,161899.51,135360.43,1862147.87
2566620,02/11/2025,SAN FRANCISCO DE ASIS DE YARUSYACAN - PASCO - PASCO,4880735.39,7961375.79,696921.02,0.0,13539032.2,0.0,6932437.76,5285314.74,584297.9,736981.8,0.0,1605201.45,1346280.31,16490513.96
2616489,13/02/2025,CIELOPUNCO,8898695.93,16420050.68,1443716.11,0.0,26762462.72,0.0,17283553.91,5287383.25,599542.42,1116429.34,2475553.8,3539840.57,2237804.58,32540107.87
2521390,26/09/2025,UTCO - CELENDIN - CAJAMARCA,386844.71,787686.56,201753.9,150718.87,1527004.04,,,,,,1527004.03,181130.49,127078.92,1835213.45
2025439,18/05/2025,SOCABAYA - AREQUIPA - AREQUIPA,7985369.18,27631105.92,3814156.42,0.0,39430631.52,2762617.71,13254547.38,15654874.52,803477.0,6955114.9,0.0,5746602.84,2079637.3,47256871.66
2526984,09/09/2025,INDEPENDENCIA - HUARAZ - ANCASH,865082.09,2018656.8,107972.51,59734.88,3051446.28,240710.53,1451840.82,1113071.62,97808.99,148014.31,0.0,342943.8,281897.22,3676287.3
2008685,27/02/2024,HUARAL - HUARAL - LIMA,1349637.71,2787231.74,140447.94,82504.78,4359822.17,420085.31,1087493.63,801158.57,65745.36,141572.24,1843767.04,568248.36,328895.84,5256966.37
2065983,26/12/2024,SANTA ROSA - MELGAR - PUNO,2260584.55,4854900.68,258665.86,131582.42,7505733.51,1181001.41,3205636.11,2039357.98,296306.71,783431.3,0.0,878309.58,566501.98,8950545.07
2512864,06/11/2025,CHINCHA ALTA - CHINCHA -ICA,1307029.32,1908793.72,103673.07,347829.69,3667325.8,162631.31,1529005.87,1227438.7,143924.18,582835.38,21490.36,451105.25,302358.0,4420789.05
2253226,28/10/2025,LEONARDO ORTIZ - CHICLAYO - LAMBAYEQUE,6007530.81,9721744.03,1390188.73,323374.9,17442838.47,,,,,,17442838.46,1945301.34,1161410.9,20549550.71
2681552,17/02/2025,OROPESA - QUISPICANCHI - CUSCO,5168961.02,6861840.27,484753.41,326421.72,12841976.42,1305729.22,5687486.84,4081158.32,480840.99,0.0,1286761.05,1742190.99,721518.69,15305686.1
2312507,20/07/2025,PIURA - PIURA - PIURA,3227044.26,4910588.76,543133.23,516843.35,9197609.6,187698.0,5751320.53,2338154.86,469300.51,451135.69,0.0,1140223.6,536375.54,10874208.74
2104863,21/11/2024,CHILCAYOC - SUCRE - AYACUCHO,1203249.24,2807765.07,150179.79,83085.7,4244279.8,334806.11,2019376.43,1548179.77,136043.26,205874.23,0.0,502410.39,226209.21,4972899.4
2493649,30/09/2025,HUARAZ - HUARAZ - ANCASH,186221.43,331234.82,33309.8,1965.84,552731.89,,61903.57,46731.47,1524.02,3286.34,439286.49,79079.54,43821.43,675632.86
2578017,28/06/2024,CHACHAPOYAS - CHACHAPOYAS - AMAZONAS,396751.24,807858.07,206920.52,154578.56,1566108.39,,,,,,1566108.38,224096.91,92487.41,1882692.71
2208648,19/08/2025,CHACHAPOYAS - CHACHAPOYAS - AMAZONAS,3854944.44,6002698.64,730081.43,0.0,10587724.51,3550753.34,3980165.09,3056806.08,,0.0,0.0,1119838.48,1053249.19,12760812.18
2137034,22/03/2025,PIURA - PIURA,2305055.04,4950406.85,263754.36,134170.92,7653387.17,1204234.21,3268697.75,2079476.47,302135.69,798843.05,0.0,1010250.65,725462.07,9389099.89
2567572,14/07/2025,YUNGAR - CARHUAZ - ANCASH,261302.72,724017.12,17405.61,34310.24,1037035.69,0.0,520804.97,389653.34,24795.22,24279.7,77502.47,119561.05,86187.85,1242784.59
2458763,19/07/2024,SOCABAYA - AREQUIPA - AREQUIPA,213030.05,349361.68,41098.47,11427.21,614917.41,65267.87,264952.25,144973.04,24326.07,31579.62,83818.56,74822.55,45540.41,735280.37
2128363,07/01/2024,YAURISQUE - PARURO - CUSCO,3511394.77,7457461.45,696276.43,3684860.63,15349993.28,0.0,9277703.2,4481700.86,347079.17,1243510.03,0.0,2108043.08,1287206.68,18745243.04
2163164,01/03/2024,UTCO - CELENDIN - CAJAMARCA,852930.85,1020065.91,92391.49,134222.69,2099610.94,253707.12,745838.15,864727.84,86749.48,148588.35,0.0,220580.47,152945.62,2473137.03
2319672,15/10/2025,CUTERVO - CUTERVO - CAJAMARCA,145735.91,239001.7,28115.86,7817.46,420670.93,44650.38,181256.39,99177.46,16641.7,21603.92,57341.08,57953.24,25399.59,504023.76
2477515,04/01/2025,HAQUIRA,6148653.38,9574330.8,1164483.1,0.0,16887467.28,5663467.23,6348380.87,4875619.17,,0.0,0.0,2245348.66,1425219.79,20558035.73
2095367,01/06/2024,UTCO - CELENDIN - CAJAMARCA,10653565.73,20181067.38,4897301.2,4781281.56,40513215.87,3400616.86,21727835.96,10637610.72,2310888.54,2436263.78,0.0,4247979.39,3035651.51,47796846.77
2128800,06/05/2025,OXAPAMPA,165863.9,295024.59,29668.4,1750.94,492307.83,,55136.34,41622.84,1357.41,2927.08,391264.16,57339.51,42381.13,592028.47
2057396,13/04/2024,MARCARA,17298363.2,24957748.63,4342691.3,713800.57,47312603.7,11090434.01,20002002.57,11414954.44,1538990.71,3266221.96,0.0,6059895.5,4461316.48,57833815.68
2160993,15/05/2024,INDEPENDENCIA - HUARAZ - ANCASH,925965.11,1483560.86,131245.87,315877.06,2856648.9,442129.2,1383314.07,773921.6,134596.81,122687.21,0.0,405849.65,226672.4,3489170.95
2273236,07/05/2025,SOCABAYA - AREQUIPA,7865450.8,14513486.22,1276083.38,0.0,23655020.4,0.0,15276726.39,4673454.76,529928.36,986798.53,2188112.37,2376832.86,1366923.69,27398776.95
2627177,19/09/2024,OXAPAMPA,3827594.7,8129003.38,758975.89,4016681.1,16732255.07,0.0,10113157.3,4885276.54,378333.54,1355487.69,0.0,1779390.6,1528280.75,20039926.42
2442319,14/08/2025,PURUS - PURUS - UCAYALI,4725591.95,8265762.95,2007036.03,1888691.59,16887082.52,179046.18,9814739.78,3271903.8,688669.43,1318622.06,1614101.25,1949202.03,1332697.87,20168982.42
2153308,14/06/2024,OROPESA - QUISPICANCHI - CUSCO,1949611.35,4187045.1,223082.96,113481.52,6473220.93,1018539.1,2764658.6,1758817.41,255545.81,675660.0,0.0,683587.68,519484.2,7676292.81
2420087,04/08/2024,YAURISQUE - PARURO - CUSCO,116445.29,552198.92,71987.06,0.0,740631.27,42114.11,643147.72,55369.44,0.0,0.0,0.0,82335.06,49975.22,872941.55
2131919,11/05/2024,HUARMEY,1326418.59,2739280.32,138031.68,81085.37,4284815.96,412858.18,1068784.43,787375.47,64614.28,139136.64,1812046.95,520770.38,232732.88,5038319.22
2507068,02/04/2025,PAUCARPATA - AREQUIPA,1106628.54,2582302.02,138120.38,76413.93,3903464.87,307921.24,1857220.85,1423861.21,125119.01,189342.56,0.0,444094.82,208188.5,4555748.19
2677281,23/03/2024,ANDAMARCA - CONCEPCION - JUNIN,3622368.33,4808725.16,339711.48,228753.84,8999558.81,915045.04,3985747.26,2860044.52,336969.69,0.0,901752.3,1074422.62,451648.43,10525629.86
2446087,13/08/2025,SAN FRANCISCO DE ASIS DE YARUSYACAN - PASCO - PASCO,2993785.28,6265864.99,523053.87,267991.77,10050695.91,0.0,5572299.99,3085272.4,362689.73,1030433.8,0.0,1116755.04,907635.28,12075086.23
2699253,30/12/2025,SAPALLANGA,906508.65,1084142.49,98195.16,142654.04,2231500.34,269644.02,792688.8,919046.69,92198.74,157922.09,0.0,249460.92,150860.51,2631821.77
2095136,11/02/2025,SAN VICENTE DE CAÑETE - CAÑETE - LIMA,1108532.62,2103645.78,193057.33,0.0,3405235.73,396733.09,1797348.96,756037.79,109252.21,345863.67,0.0,459346.58,174979.71,4039562.02
2306177,01/03/2024,SAN JUAN DE RONTOY,2720910.01,4140404.99,457947.43,435780.9,7755043.33,158259.18,4849275.18,1971435.3,395694.75,380378.92,0.0,1098969.89,521587.18,9375600.4
2061314,27/05/2025,PIURA - PIURA,5103369.76,8157027.85,506788.01,2227081.87,15994267.49,2330541.64,6758628.32,4006817.76,375329.52,897140.13,1625810.12,1806711.28,1403812.03,19204790.8
2427779,31/07/2024,CHINCHO - ANGARAES - HUANCAVELICA,11578716.57,16705551.52,2906794.77,477784.77,31668847.63,7423418.66,13388406.52,7640637.48,1030128.52,2186256.46,0.0,4505912.76,2816087.49,38990847.88
2353449,03/01/2025,CUJILLO - CUTERVO - CAJAMARCA,4306387.81,6705660.39,815579.53,0.0,11827627.73,3966573.61,4446272.75,3414781.36,,0.0,0.0,1261156.43,882927.46,13971711.62
2580139,09/04/2024,RIO TAMBO,1517026.98,2279770.96,451059.48,922018.41,5169875.83,0.0,3596638.02,1197425.65,94076.53,222647.02,59088.61,608499.95,486892.06,6265267.84
2339330,31/01/2025,TAPUC - DANIEL ALCIDES CARRION - PASCO,4037612.46,5359965.32,378650.9,254976.66,10031205.34,1019939.7,4442646.72,3187900.94,375597.65,592871.05,412249.29,1242944.7,936695.88,12210845.92
2316308,03/10/2024,CHINCHO - ANGARAES - HUANCAVELICA,361562.12,736206.58,188568.09,140868.5,1427205.29,,,,,,1427205.29,184808.96,81941.51,1693955.76
2509673,03/04/2025,EMILIO SAN MARTIN - REQUENA - LORETO,947398.15,1797863.3,164994.83,0.0,2910256.28,339064.62,1536089.28,646141.39,93371.49,295589.5,0.0,394161.46,228986.62,3533404.36
2206230,14/03/2025,PAUCARPATA - AREQUIPA,3432844.04,7372481.08,392800.85,199816.42,11397942.39,1793427.13,4867966.02,3096897.16,449960.92,1189691.16,0.0,1314269.4,659687.95,13371899.74
2009448,23/05/2025,ANDAMARCA - CONCEPCIÓN - JUNÍN,484853.97,805411.17,78754.01,0.0,1369019.15,72862.84,721927.69,382221.21,92707.94,37629.68,61669.8,169115.65,131461.99,1669596.79
2396228,28/04/2024,CONCHUCOS,9262211.25,14988661.69,2143346.75,498568.67,26892788.36,,,,,,26892788.36,3548941.13,2648253.21,33089982.7
2367527,24/05/2025,SAPALLANGA,3782828.26,11265005.37,1270817.49,147263.8,16465914.92,1454186.35,3998877.05,5842513.5,1417044.31,1978836.46,1774457.25,2127447.63,1190354.74,19783717.29
2456386,07/01/2025,LA COIPA - SAN IGNACIO - CAJAMARCA,19239139.32,27757863.42,4829916.1,793884.86,52620803.7,12334716.45,22246111.36,12695646.19,1711656.56,3632673.14,0.0,7391484.88,4324973.07,64337261.65
2023418,13/05/2024,CHACHAPOYAS - CHACHAPOYAS - AMAZONAS,438856.12,764104.08,29357.29,0.0,1232317.49,0.0,707534.42,396608.61,96462.59,31711.87,0.0,153218.02,93221.96,1478757.47
2532013,07/11/2025,PIURA - PIURA,312386.33,533317.88,83088.69,4210.98,933003.88,630112.37,116547.73,186343.77,0.0,0.0,0.0,101099.76,87522.88,1121626.52
2409546,13/07/2025,INDEPENDENCIA - HUARAZ - ANCASH,2099475.93,3612502.75,340876.96,0.0,6052855.64,115421.79,2729628.42,1797377.98,294944.36,1095457.96,20025.14,723005.78,437243.62,7213105.04
2339513,19/04/2024,EL TAMBO,7379383.57,25534264.55,3524711.58,0.0,36438359.7,2552970.98,12248699.71,14466873.27,742503.55,6427312.19,0.0,5177249.47,2730898.78,44346507.95
2599439,21/10/2025,HUALMAY - HUAURA - LIMA,262723.79,727954.64,17500.27,34496.84,1042675.54,1042675.54,0.0,0.0,0.0,0.0,0.0,135992.81,82293.96,1260962.31
2543680,14/03/2024,SOCABAYA - AREQUIPA - AREQUIPA,525655.77,1179264.23,70642.09,15183.47,1790745.56,137951.42,657392.85,518966.38,117358.05,140272.58,218804.27,181925.16,177349.59,2150020.31
2671920,23/05/2024,PURUS - PURUS - UCAYALI,299002.84,520601.82,20001.81,0.0,839606.47,0.0,482059.59,270218.64,65722.2,21606.03,0.0,90724.43,46747.69,977078.59
2236743,29/03/2024,PAUCARPATA - AREQUIPA,2604568.94,4764004.84,848433.94,51116.52,8268124.24,,,,,,,888149.36,689963.18,9846236.78
2498618,13/07/2024,ANDAMARCA,89190.77,324748.85,46324.44,0.0,460264.06,32706.71,117239.53,240830.74,18615.31,10892.29,39979.48,53574.58,35852.94,549691.58
2015767,06/02/2025,CUTERVO - CUTERVO - CAJAMARCA,8236779.34,15602944.88,3786336.93,3696636.62,31322697.77,2629178.95,16798825.38,8224443.77,1786658.05,1883591.62,0.0,4408799.44,3007383.36,38738880.57
2479594,03/12/2025,YANATILE - CALCA - CUSCO,2822486.19,5081329.91,385367.65,409702.74,8698886.49,1768504.04,3155509.2,2217883.47,436158.75,1120778.35,52.69,1108171.97,542262.77,10349321.23
2485016,16/11/2024,CIELOPUNCO,1413714.8,3441721.58,204936.59,0.0,5060372.97,789363.63,2445855.81,1085389.65,165704.6,247276.34,326782.94,634421.76,270625.14,5965419.87
2426208,19/02/2024,YANATILE - CALCA - CUSCO,4954868.9,6577631.14,464675.5,312901.73,12310077.27,1251647.49,5451918.0,3912121.67,460925.14,0.0,1233464.96,1609351.32,1078726.09,14998154.68
2107851,23/05/2025,YURIMAGUAS - ALTO AMAZONAS - LORETO,2120374.76,3462495.11,389453.94,1327489.97,7299813.78,1694901.92,3052237.6,1899769.37,248756.28,404148.61,0.0,1005417.1,366127.0,8671357.88
2673451,19/04/2025,SANTA MARIA DEL VALLE - HUANUCO,1117125.24,2307053.9,116251.89,68291.05,3608722.08,347713.99,900142.74,663136.83,54418.91,117182.51,1526127.12,488756.84,192035.89,4289514.81
2318127,10/01/2025,PUERTO BERMUDEZ - OXAPAMPA - PASCO,264169.6,469882.38,47252.54,2788.7,784093.22,,87815.03,66292.23,2161.94,4661.93,623162.08,111205.76,71173.37,966472.35
2183832,14/06/2025,CUPI - MELGAR - PUNO,1905703.15,3150537.89,388941.9,0.0,5445182.94,933358.54,2672198.48,1166899.62,254602.24,368609.59,49514.46,733704.21,326612.15,6505499.3
2156278,06/04/2024,HAQUIRA,14341450.83,26463130.23,2326743.57,0.0,43131324.63,0.0,27854782.36,8521332.51,966243.61,1799276.72,3989689.43,4676973.07,3180229.07,50988526.77
2096475,01/09/2025,HUARAZ - HUARAZ - ANCASH,757745.76,1768189.0,94575.67,52323.19,2672833.62,210844.02,1271701.55,974965.63,85673.19,129649.22,0.0,281350.86,217664.37,3171848.85
2603477,07/06/2025,ANDAMARCA,302878.53,775839.88,43947.01,33655.27,1156320.69,519128.3,193099.08,132333.55,65073.5,187425.36,59260.9,158056.96,61043.75,1375421.4
2374555,12/06/2024,SAN JUAN DE RONTOY,1112323.44,1671587.07,330728.48,676047.76,3790686.75,0.0,2637148.08,877983.47,68979.35,163250.56,43325.3,532448.66,376675.64,4699811.05
2395295,29/07/2024,HUARMEY,295285.42,818176.34,19669.23,38772.33,1171903.32,0.0,588536.22,440328.18,28019.86,27437.3,87581.75,151308.32,74920.77,1398132.41
2196631,03/12/2025,BARRANCA - MARAÑON - LORETO,749484.73,896349.13,81185.96,117943.74,1844963.56,222936.73,655380.57,759850.95,76228.23,130567.09,0.0,207098.1,165792.52,2217854.18
2090375,13/07/2024,CUJILLO - CUTERVO - CAJAMARCA,731673.86,988480.21,105446.63,66457.23,1892057.93,46943.7,,,,,,225391.18,182438.97,2299888.08
2151954,10/10/2025,ATALAYA,245619.7,331591.74,19930.86,112261.08,709403.38,29919.55,357807.88,228683.66,0.0,33417.79,59574.49,84082.04,58686.06,852171.48
2259386,14/01/2025,CHINCHA ALTA - CHINCHA -ICA,2643160.29,4316184.93,485475.12,1654787.09,9099607.43,2112785.69,3804777.06,2368163.9,310087.98,503792.81,0.0,988168.19,894173.68,10981949.3
2041446,20/12/2025,HUARMEY,2752271.34,5760386.6,480858.19,246372.4,9239888.53,0.0,5122772.71,2836378.02,333430.91,947306.89,0.0,1023962.26,906841.72,11170692.51
2503434,18/05/2025,CONCHUCOS,134495.97,220568.59,25947.41,7214.54,388226.51,41206.7,167276.92,91528.35,15358.2,19937.71,52918.63,51732.02,31530.03,471488.56
2021818,12/12/2024,PAUCARPATA - AREQUIPA,4591045.2,12262190.0,1004559.13,0.0,17857794.33,663423.38,5692206.54,4653612.54,445017.32,1068629.58,5334904.97,2318644.54,1203171.42,21379610.29
2413157,30/03/2024,CHANCAY - HUARAL - LIMA,3973659.24,5275066.87,372656.1,250937.99,9872320.2,1003784.5,4372278.02,3137406.61,369648.42,0.0,989202.65,1025838.96,600458.66,11498617.82
2100965,26/05/2024,PIURA - PIURA - PIURA,1156731.5,1738322.99,343932.38,703038.08,3942024.95,0.0,2742432.76,913035.81,71733.26,169768.12,45055.01,550811.4,249790.76,4742627.11
2017713,24/11/2025,CATILLUC - SAN MIGUEL - CAJAMARCA,2013214.82,3287506.81,369771.64,1260401.01,6930894.28,1609244.61,2897982.98,1803758.43,236184.59,383723.66,0.0,830345.46,413083.22,8174322.96
2436253,02/09/2025,YANATILE - CALCA - CUSCO,1206980.88,1414640.07,144193.45,58956.3,2824770.7,396060.51,1517261.94,683242.03,97537.34,130668.87,0.0,317978.46,169889.0,3312638.16
2463571,17/05/2024,ALBARRACIN - TACNA,4893913.19,12607258.05,585270.72,2509698.99,20596140.95,292208.75,8955319.47,6437714.43,209792.43,568530.45,4132575.42,2721250.78,1977590.44,25294982.17
2113204,17/11/2024,OXAPAMPA,6431027.96,22252748.85,3071736.07,0.0,31755512.88,2224877.94,10674567.81,12607674.55,647081.29,5601311.27,0.0,4367866.11,2592943.04,38716322.03
2528793,20/08/2024,BARRANCA,600626.37,1104582.46,113627.89,0.0,1818836.72,242121.23,878455.33,410441.43,65891.37,221927.36,0.0,211099.61,131758.53,2161694.86
2352324,02/01/2024,CUPI - MELGAR - PUNO,,,,,0.0,0.0,1782974.54,1403098.72,236334.5,256524.5,0.0,0.0,0.0,0.0
2296642,02/06/2024,UTICYACU,198762.28,325963.05,38345.88,10661.87,573733.08,60896.53,247206.97,135263.42,22696.83,29464.56,78204.78,63060.9,50234.44,687028.42
2324577,11/05/2025,SOCABAYA - AREQUIPA - AREQUIPA,7218267.28,13673575.78,3318140.6,3239532.11,27449515.77,2304070.02,14721580.68,7207457.05,1565730.35,1650677.68,0.0,2978531.89,2718649.97,33146697.63
2492881,27/10/2024,CUPI - MELGAR - PUNO,164897.67,745622.24,228747.1,0.0,1139267.01,,,,,,,134013.57,57947.24,1331227.82
2097157,17/07/2025,RIO TAMBO,2554680.54,4223437.34,521394.06,0.0,7299511.94,1251208.99,3582201.91,1564281.28,341305.72,494137.69,66376.36,978197.0,541822.24,8819531.18
2523875,12/04/2024,PUERTO BERMUDEZ - OXAPAMPA - PASCO,4696841.14,6235097.07,440473.95,296607.18,11669019.34,1186467.2,5168006.11,3708395.6,436922.19,689670.23,479558.01,1465262.59,1002388.99,14136670.92
2394822,28/06/2024,OXAPAMPA,1126451.84,1655858.38,188873.23,255788.22,3226971.67,553206.25,1173698.49,1166865.37,97305.22,155393.98,80502.37,379014.77,196092.17,3802078.61
2593141,09/03/2025,INDEPENDENCIA - HUARAZ - ANCASH,1328466.12,2324595.8,479066.27,10076.14,4142204.33,0.0,1950634.92,1601334.46,179970.32,410264.64,0.0,591945.08,325385.79,5059535.2
2543729,10/06/2025,NINABAMBA - SANTA CRUZ - CAJAMARCA,2939474.45,6312905.42,336347.37,171098.73,9759825.97,1535675.13,4168340.18,2651809.98,385292.37,1018708.32,0.0,1377723.99,515712.27,11653262.23
2187055,03/11/2025,SAN VICENTE DE CAÑETE - CAÑETE - LIMA,171450.39,304961.35,30667.67,1809.91,508889.32,,56993.39,43024.74,1403.13,3025.67,404442.38,51320.68,26852.63,587062.63
2596365,03/04/2025,CCOLLPACCASA-YAULI,896219.53,17523633.93,82631.28,320447.69,18822932.43,15865932.08,1546425.57,904289.84,297433.7,208851.24,0.0,2274266.43,1015583.72,22112782.58
2304659,21/01/2024,CHINCHA ALTA - CHINCHA -ICA,942019.93,1509283.54,133521.47,321353.89,2906178.83,449795.05,1407298.63,787340.22,136930.52,124814.42,0.0,407685.6,150923.22,3464787.65
2225347,15/08/2025,YAURISQUE - PARURO - CUSCO,648692.04,1455285.69,87176.75,18737.35,2209891.83,170240.66,811263.82,640436.92,144827.17,173105.12,270018.14,286637.44,159190.63,2655719.9
2567888,01/06/2024,SANTA ROSA - MELGAR - PUNO,479888.88,819284.65,127641.11,6468.92,1433283.56,967980.66,179041.0,286261.9,0.0,0.0,0.0,155054.44,73871.66,1662209.66
2589262,20/11/2025,SOCABAYA - AREQUIPA,5796624.7,20057576.26,2768717.74,0.0,28622918.7,2005399.84,9621551.0,11363962.07,583248.5,5048757.29,0.0,4212309.12,2261156.27,35096384.09
2146382,27/08/2024,YURIMAGUAS - ALTO AMAZONAS - LORETO,1411902.2,2915818.52,146927.4,86311.07,4560959.19,439465.62,1137664.31,838119.4,68778.48,148103.57,1928827.8,598826.83,426779.42,5586565.44
2390732,11/10/2025,CHANCAY - HUARAL - LIMA,394370.9,1010202.59,57222.36,43821.73,1505617.58,675944.56,251429.71,172308.36,84730.65,244042.09,77162.21,169995.18,93595.24,1769208.0
2032433,03/11/2024,BARRANCA,78730.54,375317.4,56243.19,0.0,510291.13,0.0,7671.75,21806.03,5448.2,23646.31,451718.83,68146.03,44256.02,622693.18
2168155,20/09/2025,HUARAZ - HUARAZ - ANCASH,1204604.13,2385426.42,124447.09,0.0,3714477.64,0.0,1236926.62,1295456.58,780798.79,401295.65,0.0,426887.68,357843.42,4499208.74
2050115,01/07/2024,SANTA MARIA DEL VALLE - HUANUCO,1502256.13,2208282.08,251884.69,341123.71,4303546.61,737765.66,1565265.1,1556152.33,129767.97,207236.17,107359.38,570070.08,427774.11,5301390.8
2028096,07/02/2025,CUTERVO - CUTERVO - CAJAMARCA,221959.67,394802.96,39702.37,2343.11,658808.11,,73783.64,55699.83,1816.5,3917.03,523591.11,87940.72,49083.01,795831.84
2140496,13/04/2025,ABANCAY - APURIMAC,2025500.82,4239286.89,353881.77,181314.79,6799984.27,0.0,3770042.65,2087398.12,245384.44,697159.05,0.0,721183.93,462551.2,7983719.4
2524756,31/01/2024,ELEAZAR GUZMAN B. - MARISCAL LUZURRIAGA - ANCASH,2122444.87,3465875.52,389834.16,1328785.99,7306940.54,1696556.64,3055217.48,1901624.1,248999.14,404543.18,0.0,850600.93,553154.09,8710695.56
2632858,03/09/2024,PALCAZU - OXAPAMPA - PASCO,1483357.25,3063385.37,154363.26,90679.2,4791785.08,461706.57,1195240.44,880535.84,72259.29,155598.95,2026443.98,673541.1,402044.48,5867370.66
2275872,02/07/2025,SOCABAYA - AREQUIPA - AREQUIPA,3780700.17,6613006.74,1605725.07,1511043.84,13510475.82,143245.53,7852262.49,2617679.94,550968.57,1054960.88,1291358.41,1623427.28,926500.56,16060403.66
2527490,12/07/2025,PALCAZU - OXAPAMPA - PASCO,2561160.69,4234150.42,522716.61,0.0,7318027.72,1254382.77,3591288.44,1568249.2,342171.47,495391.11,66544.73,883245.37,508640.27,8709913.36
2343437,24/12/2024,RIO NEGRO - SATIPO - JUNIN,11618440.17,22008830.65,5340841.03,5214313.7,44182425.55,3708604.67,23695687.3,11601040.15,2520181.59,2656911.84,0.0,5972965.2,3522161.62,53677552.37
2188649,28/03/2025,CONCHUCOS,7106765.51,18981409.51,1555019.8,0.0,27643194.82,1026954.48,8811321.9,7203617.4,688870.09,1654198.45,8258232.49,3654624.37,1391170.51,32688989.7
2089139,26/07/2024,SAPALLANGA - HUANCAYO - JUNIN,2366543.99,3717796.87,259859.75,541898.37,6886098.98,155200.73,2632317.1,2421346.12,165697.76,252684.71,1258852.56,988749.83,642231.49,8517080.3
2660950,24/01/2024,ALBARRACIN - TACNA,422854.96,923664.19,47699.54,0.0,1394218.69,73159.39,579826.87,132528.99,114189.35,131386.0,363128.1,200070.46,100056.04,1694345.19
2501963,21/04/2024,CONCHUCOS,3746046.68,9693623.48,447890.44,1920598.66,15808159.26,3436281.97,6853242.01,4926593.09,160547.96,431494.23,0.0,2340496.88,1166198.66,19314854.8
2139941,14/06/2024,PUERTO BERMUDEZ - OXAPAMPA - PASCO,6399649.25,17092777.71,1400296.84,0.0,24892723.8,924773.51,7934603.94,6486864.47,620328.19,1489607.32,7436546.39,3574191.09,2056167.42,30523082.31
2373818,20/10/2024,ABANCAY - APURIMAC,2239184.51,3750505.59,507099.09,1476600.69,7973389.88,1937008.02,3615881.31,1623489.31,334917.9,462093.35,0.0,1137538.65,751571.04,9862499.57
2665573,13/04/2024,ICA - ICA,4413210.45,5858574.89,413877.91,278695.8,10964359.05,1114819.36,4855922.93,3484454.7,410537.53,0.0,1098624.52,1325259.0,739090.73,13028708.78
2357285,20/04/2024,PURUS - PURUS - UCAYALI,6983976.67,24166071.09,3335848.21,0.0,34485895.97,2273430.27,11592381.97,7753170.34,702718.24,12164195.15,0.0,4553427.14,2503564.89,41542888.0
2006464,17/09/2024,CUJILLO - CUTERVO - CAJAMARCA,1341972.44,2924131.3,218913.97,54082.64,4539100.35,88423.62,1702763.19,1246162.74,549633.66,952117.15,0.0,552007.04,355738.25,5446845.64
2092694,27/10/2025,BARRANCA,1045374.25,1674875.53,148170.87,356611.43,3225032.08,499144.6,1561701.29,873723.75,151953.93,138508.51,0.0,342023.39,275788.12,3842843.59
2116442,04/01/2024,YAURISQUE - PARURO - CUSCO,179151.91,318660.17,32045.26,1891.21,531748.55,,59553.52,44957.41,1466.16,3161.58,422609.87,64579.97,33293.45,629621.97
