cui,fecha,lugar,costo_directo,cluster_kmeans,cluster_dbscan,cluster_hier,anomalia_if,anomalia_dbscan,score_anomalia,indice_riesgo,nivel_riesgo,silhouette_score
2237775,2025-05-23,YUNGAR - CARHUAZ - ANCASH,43430.0,2,-1,2,1,1,-0.18987672211359985,0.9234791452923439,Muy Alto,0.0
2032433,2024-11-03,BARRANCA,510291.13,2,-1,0,1,1,-0.11673652873762419,0.9019394225299362,Muy Alto,-0.2483180314450858
2676292,2025-03-01,UTICYACU,608551.08,2,-1,1,1,1,-0.15119058560350518,0.8747505113809033,Muy Alto,0.0
2596365,2025-04-03,CCOLLPACCASA-YAULI,18822932.43,2,-1,0,1,1,-0.10888120231902954,0.8319912245556264,Muy Alto,0.009514709137049852
2567582,2023-12-04,PURUS - PURUS - UCAYALI,17583665.13,2,-1,0,1,1,-0.1122836376931281,0.8152069750871354,Muy Alto,0.0745598646288504
2483346,2025-06-18,MARCARA,936982.76,2,-1,0,1,1,-0.1011250793405375,0.8032323090348764,Muy Alto,0.04652012572285138
2599439,2025-10-21,HUALMAY - HUAURA - LIMA,1042675.54,2,-1,0,1,1,-0.10378149201787013,0.7770776268020059,Muy Alto,0.13657965131209676
2187055,2025-11-03,SAN VICENTE DE CAÃETE - CAÃETE - LIMA,508889.32,2,-1,0,1,1,-0.028868234308010554,0.7734421187980156,Muy Alto,-0.22502157306657214
2603539,2024-07-13,CIELOPUNCO,43955279.06,1,-1,0,1,1,-0.046643240814312814,0.7673096912557398,Muy Alto,-0.07316661891609316
2302998,2024-09-01,ALBARRACIN - TACNA,38516079.9,1,-1,0,1,1,-0.0848366034294149,0.753973259164015,Muy Alto,0.11362942389962294
69,2025-01-01,CUTERVO - CUTERVO - CAJAMARCA,1455886.46,2,-1,0,1,1,-0.052132437210159366,0.7414133617981808,Muy Alto,-0.010626502795764915
2116442,2024-01-04,YAURISQUE - PARURO - CUSCO,531748.55,2,-1,0,1,1,-0.020137720784864088,0.7266973080834747,Muy Alto,-0.13011254575623676
2089921,2024-08-31,ABANCAY - APURIMAC,5723614.36,2,-1,0,1,1,-0.06176227324571271,0.69195060788495,Alto,0.131587916535554
2382416,2025-06-01,PAUCARPATA - AREQUIPA,837346.82,1,-1,0,1,1,-0.09366490078408529,0.6917896221124966,Alto,0.2734499139573426
2357285,2024-04-20,PURUS - PURUS - UCAYALI,34485895.97,1,-1,0,1,1,-0.003917045024091403,0.6754167329254398,Alto,0.026271600886437214
2351028,2025-09-11,PALCAZU - OXAPAMPA - PASCO,688801.93,2,-1,0,1,1,-0.005875921220668823,0.6711846449481917,Alto,-0.017746307783376634
2567888,2024-06-01,SANTA ROSA - MELGAR - PUNO,1433283.56,2,-1,0,1,1,-0.04086307521828514,0.6697543973099488,Alto,0.15710956822083536
85,2025-06-19,CIELOPUNCO,1342029.2,2,-1,0,1,1,-0.011595192749596861,0.6653769447954494,Alto,-0.014267259051287652
2128800,2025-05-06,OXAPAMPA,492307.83,2,-1,0,1,1,-0.0020753502062903495,0.6631027358063571,Alto,-0.014792977962227824
2318127,2025-01-10,PUERTO BERMUDEZ - OXAPAMPA - PASCO,784093.22,2,-1,0,1,1,-0.027326795025310102,0.6629893719679545,Alto,0.10293175914477157
2028096,2025-02-07,CUTERVO - CUTERVO - CAJAMARCA,658808.11,2,-1,0,1,1,-0.004110499379304744,0.6607640703944575,Alto,0.01354499623314952
89,2024-10-15,SAN JUAN DE RONTOY,641063.74,2,-1,0,0,1,0.0014013027635726427,0.644623426129536,Alto,0.04387561012640628
2420087,2024-08-04,YAURISQUE - PARURO - CUSCO,740631.27,3,-1,0,1,1,-0.017960734272882473,0.6373129470494595,Alto,0.13404293847942023
2302998,2024-09-01,ALBARRACIN - TACNA,38516079.9,1,-1,0,1,1,-0.05492474805029646,0.6314029634848051,Alto,0.3168724165543142
2493649,2025-09-30,HUARAZ - HUARAZ - ANCASH,552731.89,2,-1,0,1,1,-0.006208332111038217,0.6300532694873574,Alto,0.11876079990253562
2090419,2025-03-21,SAN VICENTE DE CAÃETE - CAÃETE - LIMA,1447239.26,2,-1,0,1,1,-0.029332088407712398,0.6294336332002444,Alto,0.22000773496995008
2492881,2024-10-27,CUPI - MELGAR - PUNO,1139267.01,1,-1,0,0,1,0.001026559858219478,0.6272415949136498,Alto,0.10943353567307226
2532013,2025-11-07,PIURA - PIURA,933003.88,2,-1,0,1,1,-0.035572700574777794,0.6259606750998099,Alto,0.25661328785456355
2390732,2025-10-11,CHANCAY - HUARAL - LIMA,1505617.58,2,-1,0,1,1,-0.02533017874478094,0.6229598686798594,Alto,0.2099609936573087
2603477,2025-06-07,ANDAMARCA,1156320.69,2,-1,0,1,1,-0.031924039015306604,0.620401483032661,Alto,0.24455183376823547
2314925,2025-07-01,BARRANCA,20906726.53,1,-1,0,1,1,-0.014482342126626802,0.6183169845777017,Alto,0.1927545400257267
2535785,2025-05-20,INDEPENDENCIA - HUARAZ - ANCASH,1196448.55,2,-1,0,1,1,-0.038750453103073235,0.6176899438675991,Alto,0.3056421034012245
2316308,2024-10-03,CHINCHO - ANGARAES - HUANCAVELICA,1427205.29,2,-1,0,1,1,-0.015341342695018856,0.61706247747862,Alto,0.14377968227253668
2422650,2025-02-17,HUABAL - JAEN - CAJAMARCA,1217311.3,2,-1,0,1,1,-0.037416166310047294,0.6099284505935092,Alto,0.29208323629112415
2521390,2025-09-26,UTCO - CELENDIN - CAJAMARCA,1527004.04,2,-1,0,1,1,-0.01627534615235815,0.5998801995356187,Alto,0.1783967143072545
91,2025-01-10,YAURISQUE - PARURO - CUSCO,10622267.49,3,-1,0,0,1,0.000370066115053691,0.5899664900066308,Alto,0.2323453750429996
90,2025-01-10,YAURISQUE - PARURO - CUSCO,10622267.49,3,-1,0,0,1,0.000370066115053691,0.5899664900066308,Alto,0.2323453750429996
68,2025-01-15,EMILIO SAN MARTIN - REQUENA - LORETO,841581.73,1,-1,0,1,1,-0.023953816006639705,0.5899020149845613,Alto,0.34325553338955267
2519743,2025-03-14,MARCARA - CARHUAZ - ANCASH,453308.4,1,-1,0,1,1,-0.007506709189887939,0.5887784511110802,Alto,0.2373712924414496
2243273,2025-09-01,SAN VICENTE DE CAÃETE - CAÃETE - LIMA,43222455.72,0,-1,0,1,1,-0.030275199183697254,0.5861225294714988,Alto,0.28176564384165753
2578017,2024-06-28,CHACHAPOYAS - CHACHAPOYAS - AMAZONAS,1566108.39,2,-1,0,0,1,0.0023461941688763255,0.5854496665519733,Alto,0.180217474441018
2624031,2024-11-12,MARISCAL LUZURIAGA,585268.74,1,-1,0,1,1,-0.0034615976640404167,0.5804901604513499,Alto,0.25440714906957146
23,2024-10-21,PIURA - PIURA - PIURA,1002261.23,1,-1,0,0,1,0.012620555448630555,0.5780448733064402,Alto,0.19653607804634024
18,2024-10-01,CHANCAY - HUARAL - LIMA,1212931.43,3,-1,0,1,1,-0.0031254597448326926,0.5772218200690377,Alto,0.2691860389860371
57,2025-02-12,HUABAL - JAEN - CAJAMARCA,4783951.07,3,-1,0,0,1,0.03468651766011055,0.5753112522498025,Alto,0.21501516962703188
56,2025-02-12,HUABAL - JAEN - CAJAMARCA,4783951.07,3,-1,0,0,1,0.03468651766011055,0.5753112522498025,Alto,0.21501516962703188
2025439,2025-05-18,SOCABAYA - AREQUIPA - AREQUIPA,39430631.52,1,-1,0,1,1,-0.0008524299457240425,0.5745688520735149,Alto,0.27871420390227974
2213838,2024-03-26,PALCAZU - OXAPAMPA - PASCO,40539153.06,0,-1,0,1,1,-0.013565563992641971,0.5704782213965183,Alto,0.26783306607850815
2464212,2025-10-16,CUJILLO - CUTERVO - CAJAMARCA,15658742.85,1,-1,0,1,1,-0.012213899047271437,0.5652794791758816,Alto,0.34573243722260616
2105353,2025-07-11,HUARAZ - HUARAZ - ANCASH,593460.99,1,-1,0,1,1,-0.00796451840897161,0.5639578748621357,Alto,0.32048999098690856
2253226,2025-10-28,LEONARDO ORTIZ - CHICLAYO - LAMBAYEQUE,17442838.47,2,-1,0,0,1,0.007881622900836327,0.5638416137793768,Alto,0.21881292484703932
92,2025-04-01,CUTERVO - CUTERVO - CAJAMARCA,23526436.99,2,-1,0,0,1,0.01576709101975471,0.5609915951897251,Alto,0.1989174978687188
2589262,2025-11-20,SOCABAYA - AREQUIPA,28622918.7,1,-1,0,1,1,-0.0050920453243955555,0.551277372563585,Alto,0.3394073591906497
2399289,2024-11-05,EL TAMBO,21296330.61,2,-1,0,0,1,0.0028218782987028956,0.5489791512550891,Alto,0.2939892065528092
2498618,2024-07-13,ANDAMARCA,460264.06,1,-1,0,0,1,0.009371285414230768,0.5471737268754733,Alto,0.2961693466135705
2396228,2024-04-28,CONCHUCOS,26892788.36,2,-1,0,0,1,0.0001504288139512755,0.5450395315978085,Alto,0.3109125430139386
2244233,2025-03-07,UTICYACU,25543982.24,2,-1,0,0,1,0.007578149886083851,0.5380089616150452,Alto,0.305162834452486
2690896,2024-02-11,YAURISQUE - PARURO - CUSCO,35810666.9,1,-1,0,0,1,0.015307472755717366,0.5378412947007811,Alto,0.3102476312802219
94,2025-04-01,RIO TAMBO,1109482.07,3,-1,0,0,1,0.025529970195465546,0.534337730711028,Alto,0.2547088266975609
2452285,2025-02-01,CUPI - MELGAR - PUNO,6123413.17,3,-1,0,0,1,0.04748529650688099,0.534145278836018,Alto,0.2111902156958878
2339513,2024-04-19,EL TAMBO,36438359.7,1,-1,0,0,1,0.017366734806677386,0.5322991587486819,Alto,0.3249549440299582
2113204,2024-11-17,OXAPAMPA,31755512.88,1,-1,0,0,1,0.010843957426524664,0.532244926311095,Alto,0.34013742462502067
2622768,2024-07-21,LEONARDO ORTIZ - CHICLAYO - LAMBAYEQUE,23911357.62,2,-1,0,0,1,0.02040803982659506,0.526462631885292,Alto,0.299907438870204
2323974,2025-03-04,CHACHAPOYAS - CHACHAPOYAS - AMAZONAS,14053594.09,1,-1,0,0,1,0.004533556426925323,0.5250786353638929,Alto,0.4008692141179641
2687889,2024-10-27,HUARMACA - HUANCABAMBA - PIURA,17569019.92,1,-1,0,0,1,0.02194271270029513,0.5205079250469782,Alto,0.31711046556210304
2131919,2024-05-11,HUARMEY,4284815.96,2,-1,0,0,1,0.04160809964463241,0.5187623704334874,Alto,0.2124720665617873
2660950,2024-01-24,ALBARRACIN - TACNA,1394218.69,1,-1,0,0,1,0.018035277848439668,0.5167524673331583,Alto,0.34747853018175295
35,2024-05-15,SAN MARCOS - HUARI - ANCASH,3288723.72,1,-1,0,1,1,-0.011646779965937548,0.5156241020356416,Alto,0.43412606055467484
2541916,2025-03-01,ANDAMARCA,4256306.36,1,-1,0,0,1,0.026109254715083352,0.5150992092133756,Alto,0.38336702564268677
2308038,2024-10-01,YURIMAGUAS - ALTO AMAZONAS - LORETO,21368619.1,3,-1,0,0,1,0.02911904443630564,0.5149057509956493,Alto,0.2937632076370048
70,2024-10-01,PUERTO BERMUDEZ - OXAPAMPA - PASCO,43184419.63,3,-1,0,0,1,0.0076048380404881155,0.5126114980624346,Alto,0.35859912002006106
62,2024-10-01,PUERTO BERMUDEZ - OXAPAMPA - PASCO,43184419.63,3,-1,0,0,1,0.0076048380404881155,0.5126114980624346,Alto,0.35859912002006106
2545580,2024-09-15,CHIMBOTE - SANTA - ANCASH,54786704.13,0,-1,0,0,1,0.004468635149983302,0.509982603072407,Alto,0.38411035698144785
2314925,2024-07-30,BARRANCA - MARAÃON - LORETO,15791950.62,1,-1,0,0,1,0.014286631641160397,0.5093713123947002,Alto,0.40631533836196937
96,2025-01-01,HAQUIRA,5143756.28,3,-1,0,1,1,-0.0018961179536378658,0.508685615976503,Alto,0.39054582914577
2188649,2025-03-28,CONCHUCOS,27643194.82,1,-1,0,0,1,0.04174996668262915,0.5043749871569074,Alto,0.2713218985252508
2673451,2025-04-19,SANTA MARIA DEL VALLE - HUANUCO,3608722.08,2,-1,0,0,1,0.046192822602727945,0.500223285160292,Alto,0.26027365971767846
2456534,2024-10-09,ICA - ICA,36680834.37,0,-1,0,0,1,0.012005566593048078,0.4999063773598691,Medio,0.3494142633089084
29,2024-05-13,RAYMONDI - ATALAYA - UCAYALI,1390460.09,1,-1,0,0,1,0.02136508782232438,0.49817308158978163,Medio,0.3861093717562546
2332612,2025-03-31,OROPESA - QUISPICANCHI - CUSCO,12512586.72,0,-1,0,1,1,-0.006332224624059135,0.4974740291650773,Medio,0.45351279440812414
2288081,2025-11-20,CUTERVO - CUTERVO - CAJAMARCA,3962821.28,1,-1,0,0,1,0.04172626675801644,0.494932493873622,Medio,0.38784899092538117
2008685,2024-02-27,HUARAL - HUARAL - LIMA,4359822.17,2,-1,0,0,1,0.038351874322939794,0.48925726990616764,Medio,0.30363804890253254
2572259,2025-10-14,SAPALLANGA - HUANCAYO - JUNIN,3823016.55,1,-1,0,0,1,0.04603871665996995,0.4880433089289287,Medio,0.39185604177575256
2456386,2025-01-07,LA COIPA - SAN IGNACIO - CAJAMARCA,52620803.7,0,-1,0,0,1,0.004389769936108789,0.4870836459712327,Medio,0.43683758297572217
2343437,2024-12-24,RIO NEGRO - SATIPO - JUNIN,44182425.55,0,-1,0,0,1,0.006486682806739974,0.4858579938042889,Medio,0.4010920158803716
27,2024-12-04,SANTA ROSA - MELGAR - PUNO,5904062.41,3,-1,0,0,1,0.04925589892107296,0.48338386628254776,Medio,0.34904267726131183
2128363,2024-01-07,YAURISQUE - PARURO - CUSCO,15349993.28,0,-1,0,1,1,-0.01267115473906344,0.4827549964662264,Medio,0.43075692164902674
3,2025-11-01,CALLAYUC Y SANTA CRUZ - CUTERVO - CAJAMARCA,19667447.34,3,-1,0,0,1,0.04636324712975032,0.4822261344795558,Medio,0.3261825463438523
2116832,2024-11-30,CHINCHA ALTA - CHINCHA -ICA,3474584.47,1,-1,0,0,1,0.04728789403082395,0.480190980893773,Medio,0.39932021626174813
2313820,2024-09-10,TAPUC - DANIEL ALCIDES CARRION - PASCO,3693792.99,2,-1,0,0,1,0.05051690223295907,0.48004582563992126,Medio,0.2926341489093672
2367527,2025-05-24,SAPALLANGA,16465914.92,1,-1,0,0,1,0.040114218435652715,0.4795207972832122,Medio,0.37092635190720247
63,2025-03-01,HUARMACA - HUANCABAMBA - PIURA,15741110.2,0,-1,0,1,1,-0.0017538430129385718,0.4772270162880031,Medio,0.4056665378075269
2493333,2025-03-01,RIO TAMBO,996608.14,3,-1,0,0,1,0.02604537458313133,0.4771263108587397,Medio,0.44114415473437124
71,2021-10-31,PAMPAS CHICO - RECUAY - ANCASH,17733462.99,0,-1,0,0,1,0.0036060269363334396,0.47389249422117624,Medio,0.41821676091145327
2453734,2024-03-23,CONCHUCOS,45070001.78,0,-1,0,0,1,0.017639793447777607,0.47325416497484396,Medio,0.4059004302349819
2006464,2024-09-17,CUJILLO - CUTERVO - CAJAMARCA,4539100.35,1,-1,0,0,1,0.0594517182126702,0.4727685090668795,Medio,0.38239048707307915
64,2024-12-01,LEONARDO ORTIZ - CHICLAYO - LAMBAYEQUE,9548575.28,3,-1,0,0,1,0.039043071595028844,0.4717719297811616,Medio,0.3739181617892422
2141141,2025-07-09,ICA - ICA,665930.34,3,-1,0,0,1,0.04484640193416062,0.46961191698101046,Medio,0.3700248469539659
100,2025-01-10,SANTIAGO DE PAUCARAY,4259255.28,3,-1,0,0,1,0.05131561426824749,0.46729238625617,Medio,0.3673325304989087
2021818,2024-12-12,PAUCARPATA - AREQUIPA,17857794.33,1,-1,0,0,1,0.04559435249492588,0.4651199920943308,Medio,0.3547840261807623
2095367,2024-06-01,UTCO - CELENDIN - CAJAMARCA,40513215.87,0,-1,0,0,1,0.024015729205233594,0.46252367107264947,Medio,0.38777070208736136
2156278,2024-04-06,HAQUIRA,43131324.63,3,-1,0,0,1,0.04073407356486014,0.4609910281788944,Medio,0.3899956568296816
2632858,2024-09-03,PALCAZU - OXAPAMPA - PASCO,4791785.08,2,-1,0,0,1,0.044283763283652466,0.46076986951801063,Medio,0.37113158182091033
65,2024-12-28,PIURA - PIURA,12829880.96,3,-1,0,0,1,0.04311578162723406,0.4606875703020435,Medio,0.40747367908086246
2168155,2025-09-20,HUARAZ - HUARAZ - ANCASH,3714477.64,1,-1,0,0,1,0.05283678407330805,0.4596172290018066,Medio,0.42917081406103447
2320258,2025-12-23,PIURA - PIURA,16635468.46,0,-1,0,0,1,0.015888225332374772,0.45958312091546943,Medio,0.42470120969408415
2627177,2024-09-19,OXAPAMPA,16732255.07,0,-1,0,0,1,0.002845814670955016,0.4579485258349728,Medio,0.42886235063111294
2160334,2025-12-19,SAPALLANGA,884953.92,1,-1,0,0,1,0.028113192093063233,0.45557812523944125,Medio,0.46115801971191467
2146382,2024-08-27,YURIMAGUAS - ALTO AMAZONAS - LORETO,4560959.19,2,-1,0,0,1,0.05026896682385995,0.454034078835182,Medio,0.36558220467184094
2377329,2025-04-01,EL TAMBO,24010324.76,1,-1,0,0,1,0.06482230815044199,0.45256553951109807,Medio,0.3302037305196909
2377329,2025-04-01,EL TAMBO,24010324.76,1,-1,0,0,1,0.06482230815044199,0.45256553951109807,Medio,0.3302037305196909
34,2024-06-18,SAN FRANCISCO DE ASIS DE YARUSYACAN - PASCO - PASCO,794294.15,3,-1,0,0,1,0.04713131978442747,0.45236989013540874,Medio,0.396376546743443
2015767,2025-02-06,CUTERVO - CUTERVO - CAJAMARCA,31322697.77,0,-1,0,0,1,0.019274129038629906,0.4518459793251792,Medio,0.43209729207193687
2102345,2025-03-31,RIO NEGRO - SATIPO - JUNIN,22782594.7,1,-1,0,0,1,0.027289781943484803,0.4515517310698641,Medio,0.4543237804655756
2483786,2025-02-18,HUALMAY - HUAURA - LIMA,33319573.73,3,-1,0,0,1,0.04075026431851797,0.45021495955806484,Medio,0.40807532336825647
2453214,2025-07-09,SAPALLANGA,16675847.82,0,-1,0,0,1,0.03611538247094204,0.44987864662289445,Medio,0.3645558773640421
2141681,2024-03-28,PAUCARPATA - AREQUIPA,790243.57,0,-1,0,0,1,0.038016873752176605,0.449502918316996,Medio,0.3688228902413185
2047935,2025-07-23,ICA - ICA,630035.29,0,-1,0,0,1,0.00870454567692247,0.4478766604042162,Medio,0.46169695416820644
2057396,2024-04-13,MARCARA,47312603.7,0,-1,0,0,1,0.03022682557352524,0.44763347127187214,Medio,0.45010027658797913
2438523,2025-02-18,CHANCAY - HUARAL - LIMA,1123544.41,3,-1,0,0,1,0.06604131641313282,0.4466318810997705,Medio,0.3552040862933038
2521198,2025-11-01,OXAPAMPA,858175.84,0,-1,0,0,1,0.026599227963943928,0.44660816843010265,Medio,0.4050201413012597
2373230,2025-04-09,HUARMEY,881256.11,3,-1,0,0,1,0.05203579916987883,0.4465547144697839,Medio,0.4033021921988267
2390998,2025-12-15,PIURA - PIURA - PIURA,17949060.07,0,-1,0,0,1,0.023715700317317345,0.4454683614317587,Medio,0.40566968156789435
55,2025-02-01,LA COIPA - SAN IGNACIO - CAJAMARCA,3758698.81,3,-1,0,0,1,0.07280625224361298,0.4447843543468609,Medio,0.35323564052733014
2555036,2024-03-12,PALCAZU - OXAPAMPA - PASCO,16295740.42,0,-1,0,0,1,0.016742467716631404,0.4443170213219654,Medio,0.4243056486136472
2374555,2024-06-12,SAN JUAN DE RONTOY,3790686.75,0,-1,0,0,1,0.012838854383344811,0.44269349059063934,Medio,0.44949833280460744
2273236,2025-05-07,SOCABAYA - AREQUIPA,23655020.4,3,-1,0,0,1,0.059693912901967294,0.4402259558112889,Medio,0.3755718823804631
2139941,2024-06-14,PUERTO BERMUDEZ - OXAPAMPA - PASCO,24892723.8,1,-1,0,0,1,0.05485869261602638,0.4400874871105876,Medio,0.39671259130560704
2314370,2025-04-27,SAN JUAN DE RONTOY,829520.58,3,-1,0,0,1,0.05507203899627916,0.43986256463800055,Medio,0.44158776209288025
2463571,2024-05-17,ALBARRACIN - TACNA,20596140.95,0,-1,0,0,1,0.017572571901951384,0.4396054138443817,Medio,0.44969037024517616
2100965,2024-05-26,PIURA - PIURA - PIURA,3942024.95,0,-1,0,0,1,0.020806399917668583,0.4370033296995883,Medio,0.43160034191205093
2196631,2025-12-03,BARRANCA - MARAÃON - LORETO,1844963.56,3,-1,0,0,1,0.013050727181076582,0.4364951498777178,Medio,0.5161832966956508
2153400,2025-11-11,PURUS - PURUS - UCAYALI,1980538.76,3,-1,0,0,1,0.0714339665226878,0.43445077283475353,Medio,0.3801885427086824
2130557,2025-09-25,HUARAZ - HUARAZ - ANCASH,555136.19,0,-1,0,0,1,0.02680421276546141,0.43347697257565043,Medio,0.4489706243975247
2671920,2024-05-23,PURUS - PURUS - UCAYALI,839606.47,3,-1,0,0,1,0.05860231394622051,0.431449252983722,Medio,0.448531282816059
2699253,2025-12-30,SAPALLANGA,2231500.34,3,-1,0,0,1,0.028033103738421716,0.4306166598408098,Medio,0.4975619589895474
2488757,2024-05-11,OXAPAMPA,1166830.89,1,-1,0,0,1,0.04583895573954383,0.4300458671975291,Medio,0.4690324802224038
2453214,2025-07-01,SAPALLANGA - HUANCAYO - JUNIN,16725086.99,0,-1,0,0,1,0.046466097834274356,0.4287689515773837,Medio,0.3995675471178529
2353449,2025-01-03,CUJILLO - CUTERVO - CAJAMARCA,11827627.73,3,-1,0,0,1,0.0556764915013947,0.4230787647942203,Medio,0.43518028606040615
93,2025-03-31,CONCHUCOS,673379.49,0,-1,0,0,1,0.034471857002579986,0.42254740478425395,Medio,0.4478739686735251
2304836,2024-09-15,SAN VICENTE DE CAÃETE - CAÃETE - LIMA,4393640.48,0,-1,0,0,1,0.048246473274227875,0.4207607007107369,Medio,0.40674494955977053
13,2025-06-01,CUTERVO - CUTERVO - CAJAMARCA,14172106.14,3,-1,0,0,1,0.05531223981362515,0.42045065007613375,Medio,0.43774530077025536
2356790,2025-01-16,CATILLUC - SAN MIGUEL - CAJAMARCA,6562913.03,0,-1,0,0,1,0.03516809538202814,0.41849817324084215,Medio,0.43281930587453826
2683540,2024-02-25,RIO TAMBO,4990444.91,3,-1,0,0,1,0.07571880289893729,0.41705502098360586,Medio,0.42221801702376494
2580139,2024-04-09,RIO TAMBO,5169875.83,0,-1,0,0,1,0.025996130961972674,0.41702255894850415,Medio,0.4539745077295004
2541077,2024-09-16,SAN MARCOS - HUARI - ANCASH,4430690.97,0,-1,0,0,1,0.029771116169329315,0.41701615811917664,Medio,0.45049579534838413
2477515,2025-01-04,HAQUIRA,16887467.28,3,-1,0,0,1,0.04836432575540567,0.4131100309547287,Medio,0.48382018812243527
2163164,2024-03-01,UTCO - CELENDIN - CAJAMARCA,2099610.94,3,-1,0,0,1,0.04390872740029944,0.4117278268060949,Medio,0.49205954464019963
2373818,2024-10-20,ABANCAY - APURIMAC,7973389.88,0,-1,0,0,1,0.03180489946452808,0.41142273133088597,Medio,0.4682932700858896
2505734,2025-03-01,SOCABAYA - AREQUIPA,1754392.2,3,-1,0,0,1,0.044523890130139465,0.4111160543861466,Medio,0.49141677979531617
2501963,2024-04-21,CONCHUCOS,15808159.26,0,-1,0,0,1,0.043046557645410766,0.40921657340289413,Medio,0.47166338501843214
2284251,2024-04-20,ELEAZAR GUZMAN B. - MARISCAL LUZURRIAGA - ANCASH,6581544.2,0,-1,0,0,1,0.03568874932155752,0.4087968569939982,Medio,0.468393373174653
2324577,2025-05-11,SOCABAYA - AREQUIPA - AREQUIPA,27449515.77,0,-1,0,0,1,0.04262755022287329,0.4085230372079885,Medio,0.44267568586327016
16,2025-04-09,CUJILLO - CUTERVO - CAJAMARCA,7044596.74,3,-1,0,0,1,0.09901310339433833,0.4084385428662226,Medio,0.33683597152961736
2151954,2025-10-10,ATALAYA,709403.38,0,-1,0,0,1,0.028614797320443697,0.40749522963107154,Medio,0.4881208904859508
2315965,2025-09-01,SURCUBAMBA,6062836.15,3,-1,0,0,1,0.0599881055505585,0.4068754481580064,Medio,0.4287390199808634
2616489,2025-02-13,CIELOPUNCO,26762462.72,3,-1,0,0,1,0.055389954080828696,0.40473851522672494,Medio,0.47166320164963765
2208648,2025-08-19,CHACHAPOYAS - CHACHAPOYAS - AMAZONAS,10587724.51,3,-1,0,0,1,0.05368750995345706,0.4026836572574697,Medio,0.4828293916585122
2699105,2025-10-07,CHIMBOTE - SANTA - ANCASH,750963.44,3,-1,0,0,1,0.06322452102872594,0.40259206061767777,Medio,0.476383399956556
2327327,2025-02-26,PAUCARPATA - AREQUIPA,1564887.93,3,-1,0,0,1,0.0823539040711917,0.40185063712214186,Medio,0.4183423058599341
2567753,2025-05-12,PALCAZU - OXAPAMPA - PASCO,9539988.73,3,-1,0,0,1,0.07301843076303188,0.40152333608112245,Medio,0.4240017095795227
2259386,2025-01-14,CHINCHA ALTA - CHINCHA -ICA,9099607.43,0,-1,0,0,1,0.04392957570151862,0.4012659913119897,Medio,0.44991363592424743
2017713,2025-11-24,CATILLUC - SAN MIGUEL - CAJAMARCA,6930894.28,0,-1,0,0,1,0.046357109023102194,0.40121576485766397,Medio,0.4519977794077984
2485016,2024-11-16,CIELOPUNCO,5060372.97,3,-1,0,0,1,0.08558316345358186,0.4010479832865348,Medio,0.41573231427265106
2107851,2025-05-23,YURIMAGUAS - ALTO AMAZONAS - LORETO,7299813.78,0,-1,0,0,1,0.049076555053170046,0.4006690442163239,Medio,0.45373820164691936
75,2024-06-14,HUACHO - HUAURA - LIMA,9586667.39,0,-1,0,0,1,0.04341257056078923,0.4000121607840129,Medio,0.4415343298038864
2512864,2025-11-06,CHINCHA ALTA - CHINCHA -ICA,3667325.8,0,-1,0,0,1,0.04239475182123942,0.39892879364692135,Medio,0.505135602851905
2567753,2025-05-12,PALCAZU - OXAPAMPA - PASCO,9540008.73,3,-1,0,0,1,0.07660783454619918,0.39734577366682694,Medio,0.42476538112527584
33,2024-06-28,AYNA - LA MAR - AYACUCHO,16177695.37,3,-1,0,0,1,0.07980026661244233,0.39694929733457784,Medio,0.4257646258370651
2193638,2024-11-30,ATALAYA,1753860.49,1,-1,0,0,1,0.07081120029619886,0.3957749673865976,Medio,0.4830189525328666
2472382,2025-08-18,CCOLLPACCASA-YAULI,5357103.39,0,-1,0,0,1,0.05543124142503658,0.3957639946205454,Medio,0.4270710578824087
2104863,2024-11-21,CHILCAYOC - SUCRE - AYACUCHO,4244279.8,3,-1,0,0,1,0.0783619948567878,0.39523783469690776,Medio,0.45570158724189663
2543680,2024-03-14,SOCABAYA - AREQUIPA - AREQUIPA,1790745.56,1,-1,0,0,1,0.08589945337955723,0.3945075183827707,Medio,0.42861929562350326
2593141,2025-03-09,INDEPENDENCIA - HUARAZ - ANCASH,4142204.33,1,-1,0,0,1,0.06797189050936003,0.39428455760815556,Medio,0.47344115280133925
2275872,2025-07-02,SOCABAYA - AREQUIPA - AREQUIPA,13510475.82,0,-1,0,0,1,0.05691597747397892,0.39291981086523897,Medio,0.41829108733412995
2690670,2025-05-05,UTCO - CELENDIN - CAJAMARCA,505829.85,3,-1,0,0,1,0.09445885160346612,0.39119786130448175,Medio,0.39001852033583445
2442319,2025-08-14,PURUS - PURUS - UCAYALI,16887082.52,0,-1,0,0,1,0.053930329477090644,0.38950970554472236,Medio,0.43109037477947604
2663505,2024-10-10,AYNA - LA MAR - AYACUCHO,1224463.23,1,-1,0,0,1,0.07259414188244706,0.3890763887769433,Medio,0.4934094660935684
2427779,2024-07-31,CHINCHO - ANGARAES - HUANCAVELICA,31668847.63,0,-1,0,0,1,0.06061425264201292,0.3864463895894723,Medio,0.4972224346635626
2507068,2025-04-02,PAUCARPATA - AREQUIPA,3903464.87,3,-1,0,0,1,0.09112936029459384,0.38538127800691263,Medio,0.43921501211901487
2524756,2024-01-31,ELEAZAR GUZMAN B. - MARISCAL LUZURRIAGA - ANCASH,7306940.54,0,-1,0,0,1,0.0567473457652532,0.38489525124071383,Medio,0.4513535445225642
2589308,2024-07-07,CONCHUCOS,15496737.64,3,-1,0,0,1,0.07097160077571252,0.384294576447621,Medio,0.48055255650818485
2450605,2025-02-03,CHACHAPOYAS - CHACHAPOYAS - AMAZONAS,1002316.32,3,-1,0,0,1,0.07054692248704408,0.38371356224483993,Medio,0.5040783704444131
14,2025-04-01,CUTERVO - CUTERVO - CAJAMARCA,21394193.04,0,-1,0,0,1,0.05851065253683285,0.38278068486055855,Medio,0.4286638707998843
2479594,2025-12-03,YANATILE - CALCA - CUSCO,8698886.49,3,-1,0,0,1,0.06783073650348925,0.38147497989464685,Medio,0.4968891865866979
2154539,2025-11-02,CATILLUC - SAN MIGUEL - CAJAMARCA,4450223.62,1,-1,0,0,1,0.07447176992147991,0.379056980718051,Medio,0.5055039258679351
2103597,2024-02-22,CHACHAPOYAS - CHACHAPOYAS - AMAZONAS,9058788.34,3,-1,0,0,1,0.10038804492961595,0.37900732227054423,Medio,0.4019356844763535
2033226,2025-12-12,MARCARA,4687101.4,3,-1,0,0,1,0.07873776873978433,0.37698114916061926,Medio,0.47686469307770074
2023418,2024-05-13,CHACHAPOYAS - CHACHAPOYAS - AMAZONAS,1232317.49,3,-1,0,0,1,0.07681889604827224,0.37686069913276576,Medio,0.5188049433638376
2089139,2024-07-26,SAPALLANGA - HUANCAYO - JUNIN,6886098.98,0,-1,0,0,1,0.051155280223558475,0.37479018340947556,Medio,0.5292045514098297
2102803,2024-07-01,HUARMEY,616155.51,3,-1,0,0,1,0.08149970813809576,0.3734001581082496,Medio,0.4824121710940747
2563189,2024-02-26,PUERTO BERMUDEZ - OXAPAMPA - PASCO,2648666.93,3,-1,0,0,1,0.08729526233411378,0.3722193723237461,Medio,0.4595272280341507
2035914,2025-11-30,CHINCHA ALTA - CHINCHA -ICA,3382290.82,0,-1,0,0,1,0.06109810387735648,0.371797012740436,Medio,0.5404864802626426
2007453,2024-10-20,PALCAZU - OXAPAMPA - PASCO,5568241.49,3,-1,0,0,1,0.09513173816071974,0.3701513816374137,Medio,0.4477439107130736
2571156,2024-07-30,YURIMAGUAS - ALTO AMAZONAS - LORETO,1003511.58,1,-1,0,0,1,0.0760250030928109,0.36873938799682576,Medio,0.5231677940800766
2050280,2024-09-25,MARISCAL LUZURIAGA,1343023.71,1,-1,0,0,1,0.09070107343897338,0.3681372871786841,Medio,0.4885380282141757
2087733,2024-03-22,RIO TAMBO,9884519.14,1,-1,0,0,1,0.09348437567184903,0.3671516815960533,Medio,0.4482922019454213
2535358,2025-04-12,CUTERVO - CUTERVO - CAJAMARCA,23263378.54,1,-1,0,0,1,0.08346807186102229,0.3667874891202564,Medio,0.48764408867254044
2478596,2025-05-06,CALLAYUC Y SANTA CRUZ - CUTERVO - CAJAMARCA,2882921.32,3,-1,0,0,1,0.09235120786491596,0.36582450153438606,Medio,0.45924088264544555
2537343,2024-09-01,INDEPENDENCIA - HUARAZ - ANCASH,1309986.53,1,-1,0,0,1,0.07913156329459642,0.3656213055018992,Medio,0.5197689340472421
2235904,2025-03-01,HUARAL - HUARAL - LIMA,4136529.43,0,-1,0,0,1,0.06946312583269004,0.36454468089751946,Medio,0.4953143325606315
2140349,2025-12-01,RIO TAMBO,9330745.02,3,-1,0,0,1,0.0831317067355361,0.3645080417753309,Medio,0.5053738688080606
2566620,2025-11-02,SAN FRANCISCO DE ASIS DE YARUSYACAN - PASCO - PASCO,13539032.2,1,-1,0,0,1,0.07178388308035216,0.3642583782868174,Medio,0.5382016401017587
2027977,2024-11-16,CHILCAYOC - SUCRE - AYACUCHO,18148826.94,1,-1,0,0,1,0.07833437349015915,0.3637119638657547,Medio,0.49376469297746095
2637201,2025-12-27,PUERTO BERMUDEZ - OXAPAMPA - PASCO,2976722.19,0,-1,0,0,1,0.06082068898322185,0.36196681857889257,Medio,0.5244357848274683
2409546,2025-07-13,INDEPENDENCIA - HUARAZ - ANCASH,6052855.64,3,-1,0,0,1,0.09425673514253913,0.36190630480787955,Medio,0.48653544608546173
2206230,2025-03-14,PAUCARPATA - AREQUIPA,11397942.39,3,-1,0,0,1,0.10499714194191101,0.3597456913177048,Medio,0.45423201822984605
2397381,2024-11-20,HUABAL - JAEN - CAJAMARCA,4580559.6,1,-1,0,0,1,0.07950474161879773,0.3593715151277317,Medio,0.5267051116916083
2573568,2024-09-01,NINABAMBA - SANTA CRUZ - CAJAMARCA,2942967.62,0,-1,0,0,1,0.07045661319379914,0.35921295170425466,Medio,0.5426765339780394
2225347,2025-08-15,YAURISQUE - PARURO - CUSCO,2209891.83,1,-1,0,0,1,0.09449802078435243,0.3590427454341319,Medio,0.4928197762445096
2459340,2025-12-02,SOCABAYA - AREQUIPA - AREQUIPA,5856635.41,3,-1,0,0,1,0.09431438029133488,0.3589249620519316,Medio,0.48467943711087563
2304659,2024-01-21,CHINCHA ALTA - CHINCHA -ICA,2906178.83,3,-1,0,0,1,0.0827382687485137,0.35764083390948304,Medio,0.49224309319240983
2239769,2025-08-20,CHANCAY - HUARAL - LIMA,14694446.51,0,-1,0,0,1,0.06585099822635265,0.356793639522999,Medio,0.48263912292736155
2152468,2025-07-21,ELEAZAR GUZMAN B. - MARISCAL LUZURRIAGA - ANCASH,7104910.19,0,-1,0,0,1,0.07023862635786549,0.3567045900737311,Medio,0.4711123495563104
2152468,2025-07-21,MARISCAL LUZURIAGA,7104910.19,0,-1,0,0,1,0.07023862635786549,0.3567045900737311,Medio,0.4711123495563104
54,2024-09-12,RIO NEGRO - SATIPO - JUNIN,9133531.79,3,-1,0,0,1,0.10516468471792362,0.35665839729866544,Medio,0.4706155442332879
73,2024-09-12,RIO NEGRO - SATIPO - JUNIN,9133531.79,3,-1,0,0,1,0.10516468471792362,0.35663419749519865,Medio,0.47066721701872155
2428818,2024-10-08,PIURA - PIURA,12079670.98,3,-1,0,0,1,0.08198514373373461,0.35648555786060976,Medio,0.526060277835853
2471752,2024-08-13,CHIMBOTE - SANTA - ANCASH,5930142.07,0,-1,0,0,1,0.06169978131999915,0.3559878265796227,Medio,0.48772050811200773
2239032,2024-09-07,YUNGAR - CARHUAZ - ANCASH,8451809.73,0,-1,0,0,1,0.06918540320448402,0.35485065918305864,Medio,0.47587052995160417
2388514,2025-01-31,ATALAYA,3834621.1,3,-1,0,0,1,0.08486686522623177,0.35480980957230224,Medio,0.47148207151298444
2173889,2025-12-03,PAMPAS CHICO - RECUAY - ANCASH,2879459.94,3,-1,0,0,1,0.07482212758401152,0.3538165913951975,Medio,0.5076029239465526
2041446,2025-12-20,HUARMEY,9239888.53,1,-1,0,0,1,0.08502754531418971,0.3529931655338059,Medio,0.5108074561494375
2394822,2024-06-28,OXAPAMPA,3226971.67,3,-1,0,0,1,0.0745846210231439,0.35221814451978106,Medio,0.5130870020086178
2511611,2025-09-06,CCOLLPACCASA-YAULI,7899790.25,0,-1,0,0,1,0.07217998117238933,0.35180848021770883,Medio,0.47680597239689676
2220089,2025-08-10,CHILCAYOC - SUCRE - AYACUCHO,9084668.43,3,-1,0,0,1,0.08054378897097764,0.3491058465559989,Medio,0.5257206750017739
2493448,2024-07-01,SOCABAYA - AREQUIPA - AREQUIPA,1655189.83,3,-1,0,0,1,0.09866023673871249,0.3489802277174739,Medio,0.49522803570541163
2096475,2025-09-01,HUARAZ - HUARAZ - ANCASH,2672833.62,3,-1,0,0,1,0.0994384404003264,0.34835532071414693,Medio,0.4931288282753361
2065983,2024-12-26,SANTA ROSA - MELGAR - PUNO,7505733.51,1,-1,0,0,1,0.09788039302498236,0.34801526995222165,Medio,0.5008042832167356
2526984,2025-09-09,INDEPENDENCIA - HUARAZ - ANCASH,3051446.28,1,-1,0,0,1,0.09152896672379396,0.347977847657087,Medio,0.5140319316993816
2156458,2025-11-15,OXAPAMPA,3301918.97,0,-1,0,0,1,0.06274891912957209,0.3475341359281779,Medio,0.553716884651876
2393100,2025-12-30,UTCO - CELENDIN - CAJAMARCA,3418460.32,0,-1,0,0,1,0.07548679966466337,0.3473415522565082,Medio,0.5070195707482554
2009448,2025-05-23,ANDAMARCA - CONCEPCIÃN - JUNÃN,1369019.15,3,-1,0,0,1,0.08590104273286048,0.3470214170950544,Medio,0.5346943456084644
2582443,2025-07-21,SANTA ROSA - MELGAR - PUNO,7967699.09,0,-1,0,0,1,0.06615713153063596,0.34688658804065653,Medio,0.5002853679167896
2050115,2024-07-01,SANTA MARIA DEL VALLE - HUANUCO,4303546.61,0,-1,0,0,1,0.06651818785393965,0.3467377124196597,Medio,0.5451411135294251
2198952,2025-08-01,MARCARA,5505382.21,1,-1,0,0,1,0.0891727391142953,0.3465243419522829,Medio,0.5124351924075299
2682728,2025-11-05,EL TAMBO,2237442.43,1,-1,0,0,1,0.0946406487593835,0.34544909751607283,Medio,0.5162564560207739
2543729,2025-06-10,NINABAMBA - SANTA CRUZ - CAJAMARCA,9759825.97,3,-1,0,0,1,0.10515922907556696,0.3452934238602888,Medio,0.4984409358429277
2372375,2025-09-01,SOCABAYA - AREQUIPA,784429.99,3,-1,0,0,1,0.10022651923979276,0.3443028587669157,Medio,0.4992146776757446
2324717,2024-04-24,ELEAZAR GUZMAN B. - MARISCAL LUZURRIAGA - ANCASH,11360649.79,0,-1,0,0,1,0.08130736217427759,0.34399133734832565,Medio,0.4808257909979855
19,2025-03-20,ANDAMARCA - CONCEPCIÃN - JUNÃN,3362164.79,3,-1,0,0,1,0.0946388914416908,0.34256162565713244,Medio,0.4860290529415197
77,2025-03-20,ANDAMARCA,3362164.79,3,-1,0,0,1,0.0946388914416908,0.34256162565713244,Medio,0.4860290529415197
67,2025-03-20,ANDAMARCA - CONCEPCION - JUNIN,3362164.79,3,-1,0,0,1,0.0946388914416908,0.34256162565713244,Medio,0.4860290529415197
2336468,2024-08-06,LEONARDO ORTIZ - CHICLAYO - LAMBAYEQUE,10400423.78,3,-1,0,0,1,0.10827530037152988,0.3418470232973194,Medio,0.49531774733422274
15,2025-04-01,CUTERVO - CUTERVO - CAJAMARCA,11054878.08,1,-1,0,0,1,0.11124083029819026,0.3412916891174292,Medio,0.46190913554240337
2069949,2025-04-13,CHINCHO - ANGARAES - HUANCAVELICA,12537519.99,3,-1,0,0,1,0.08958225567105388,0.33932962500826613,Medio,0.5437919156194397
2137034,2025-03-22,PIURA - PIURA,7653387.17,1,-1,0,0,1,0.10030284048530713,0.3387759273969866,Medio,0.5167588113675667
2533483,2024-10-07,HUARAL - HUARAL - LIMA,1537559.72,3,-1,0,0,1,0.09199950779969035,0.33697948104862724,Medio,0.5284823172488378
2140496,2025-04-13,ABANCAY - APURIMAC,6799984.27,3,-1,0,0,1,0.10928565791742806,0.33615036870067516,Medio,0.4821439810769443
76,2024-06-13,HUARAL - HUARAL - LIMA,4137120.92,0,-1,0,0,1,0.07938286465809086,0.33613839684147445,Medio,0.525508586397071
2198664,2025-07-18,CATILLUC - SAN MIGUEL - CAJAMARCA,10860960.17,3,-1,0,0,1,0.09328746204105642,0.33492797200187274,Medio,0.5153791868788596
31,2024-06-03,HUARAZ - HUARAZ - ANCASH,1588707.0,3,-1,0,0,1,0.10305799197897836,0.32899455647592674,Medio,0.5052812278477599
66,2024-08-20,YANATILE - CALCA - CUSCO,3339812.75,1,-1,0,0,1,0.0885731906642081,0.32858529237016176,Medio,0.5488288101533049
2061314,2025-05-27,PIURA - PIURA,15994267.49,0,-1,0,0,1,0.07560426713356788,0.3282824243839858,Medio,0.5069922070873297
2236743,2024-03-29,PAUCARPATA - AREQUIPA,8268124.24,3,-1,0,0,1,0.11364464165680238,0.32766767100517197,Medio,0.4686036906674874
2153308,2024-06-14,OROPESA - QUISPICANCHI - CUSCO,6473220.93,3,-1,0,0,1,0.11400716195345961,0.32727388369985944,Medio,0.49554280692481256
30,2024-08-20,YANATILE - CALCA - CUSCO,3337987.83,1,-1,0,0,1,0.08795577329968479,0.32677068982228663,Medio,0.5511913958734359
2487685,2024-09-16,MARISCAL LUZURIAGA,4299546.3,3,-1,0,0,1,0.09289748329737013,0.3266561453608902,Medio,0.5071253014276197
2101667,2025-09-07,PUERTO BERMUDEZ - OXAPAMPA - PASCO,10476275.09,3,-1,0,0,1,0.10234419547296097,0.32472591693275543,Medio,0.539505947207166
2312507,2025-07-20,PIURA - PIURA - PIURA,9197609.6,3,-1,0,0,1,0.09327046666032685,0.3226157543371694,Medio,0.5374570740993306
2352324,2024-01-02,CUPI - MELGAR - PUNO,0.0,3,-1,0,0,1,0.11193578624582717,0.319697024809837,Medio,0.507523277274133
2306177,2024-03-01,SAN JUAN DE RONTOY,7755043.33,3,-1,0,0,1,0.09527223541716529,0.3196490701191115,Medio,0.5454875348885172
2441279,2024-08-14,HUARMACA - HUANCABAMBA - PIURA,3051492.37,0,-1,0,0,1,0.08898969763271658,0.31918985131133915,Medio,0.5424520335354741
24,2024-11-13,CHACHAPOYAS - CHACHAPOYAS - AMAZONAS,7781992.11,1,-1,0,0,1,0.10967431651017334,0.317659332773773,Medio,0.5287742524533029
2569454,2025-07-01,CHILCAYOC - SUCRE - AYACUCHO,3247305.92,3,-1,0,0,1,0.11048180487388398,0.3173034922428369,Medio,0.490685074079629
2573607,2025-07-08,ANDAMARCA - CONCEPCIÃN - JUNÃN,3340619.38,1,-1,0,0,1,0.09932384718810927,0.3169236176565775,Medio,0.5537515532966377
2090375,2024-07-13,CUJILLO - CUTERVO - CAJAMARCA,1892057.93,3,-1,0,0,1,0.09431709319748882,0.31559592406273174,Medio,0.5511535002924054
2092694,2025-10-27,BARRANCA,3225032.08,0,-1,0,0,1,0.0914840073956289,0.3119815536983316,Medio,0.5322012747150302
2446087,2025-08-13,SAN FRANCISCO DE ASIS DE YARUSYACAN - PASCO - PASCO,10050695.91,1,-1,0,0,1,0.10870613948909713,0.30969344317504965,Medio,0.5347349720003286
2340221,2025-06-10,MARCARA,6334822.61,3,-1,0,0,1,0.12360841503643477,0.3082853578460136,Medio,0.48743546394354914
2561587,2025-06-05,RIO TAMBO,3627230.46,0,-1,0,0,1,0.08670897466719762,0.3073945625331732,Medio,0.564037061870992
2188492,2024-06-13,ABANCAY - APURIMAC,6194993.97,1,-1,0,0,1,0.12086056639268189,0.30039307171489205,Medio,0.5216223084689298
2450396,2024-04-07,SAN FRANCISCO DE ASIS DE YARUSYACAN - PASCO - PASCO,18800655.36,3,-1,0,0,1,0.10772643049960412,0.29913429605192093,Bajo,0.5498308694528384
2160993,2024-05-15,INDEPENDENCIA - HUARAZ - ANCASH,2856648.9,0,-1,0,0,1,0.09771679734156397,0.2971687931397789,Bajo,0.5583915249410162
2621380,2024-06-17,ANDAMARCA,4197437.79,0,-1,0,0,1,0.09575187255962986,0.28884674987481856,Bajo,0.5589327015478706
2126765,2024-05-07,CHANCAY - HUARAL - LIMA,2754184.97,0,-1,0,0,1,0.10647703380902085,0.28028021402727,Bajo,0.5616227711389938
2483346,2025-06-18,MARCARA - CARHUAZ - ANCASH,936982.76,3,4,0,0,0,0.0626298361078606,0.18165996719532254,Bajo,0.40279251105272035
2483346,2025-06-18,MARCARA - CARHUAZ - ANCASH,936982.76,3,4,0,0,0,0.061715559559318844,0.17911512757259265,Bajo,0.4116284686124022
2653058,2025-10-27,HUARAZ - HUARAZ - ANCASH,1044717.59,1,4,0,0,0,0.05442938251564822,0.17037657258031108,Bajo,0.457300484294454
2395295,2024-07-29,HUARMEY,1171903.32,3,4,0,0,0,0.06197662635370488,0.1674744960571343,Bajo,0.4466422104370127
2567572,2025-07-14,YUNGAR - CARHUAZ - ANCASH,1037035.69,1,4,0,0,0,0.06817671302491046,0.15492511511037488,Bajo,0.45204940993698783
2677281,2024-03-23,ANDAMARCA - CONCEPCION - JUNIN,8999558.81,3,1,0,0,0,0.07740485751536447,0.1370285156306042,Bajo,0.46977073710112444
2413157,2024-03-30,CHANCAY - HUARAL - LIMA,9872320.2,3,1,0,0,0,0.07934528988980255,0.1354905090853453,Bajo,0.46084854988864316
28,2024-02-15,NINABAMBA - SANTA CRUZ - CAJAMARCA,5814742.98,3,0,0,0,0,0.08635843344497462,0.13356315909722272,Bajo,0.44794485554508384
26,2024-02-15,NINABAMBA - SANTA CRUZ - CAJAMARCA,5814742.98,3,0,0,0,0,0.08635843344497462,0.13356315909722272,Bajo,0.44794485554508384
2452285,2025-02-25,CUPI - MELGAR - PUNO,5728503.22,3,0,0,0,0,0.09484613235931477,0.13222322617391277,Bajo,0.4392614627093519
2681552,2025-02-17,OROPESA - QUISPICANCHI - CUSCO,12841976.42,3,1,0,0,0,0.07595322022589279,0.12418350852542442,Bajo,0.5023145243924757
2300534,2025-03-21,CHINCHO - ANGARAES - HUANCAVELICA,2812660.31,3,0,0,0,0,0.09660460272843424,0.12299720405140402,Bajo,0.44914328915573354
2095136,2025-02-11,SAN VICENTE DE CAÃETE - CAÃETE - LIMA,3405235.73,3,0,0,0,0,0.09368326902871388,0.12184513963830056,Bajo,0.4636345884173022
2300534,2025-03-21,CHINCHO - ANGARAES - HUANCAVELICA,2509257.95,3,0,0,0,0,0.09600533498450053,0.11995573289276781,Bajo,0.46507116933019144
2381212,2025-08-01,EL TAMBO,911618.54,3,3,0,0,0,0.08576126235835058,0.11080865513886037,Bajo,0.5005959536796705
2436253,2025-09-02,YANATILE - CALCA - CUSCO,2824770.7,3,3,0,0,0,0.0863999665302978,0.11014766467752288,Bajo,0.5022645681072514
21,2025-01-10,YAURISQUE - PARURO - CUSCO,10622270.49,3,1,0,0,0,0.08552833693781026,0.10387775669935771,Bajo,0.5125246361270558
20,2025-01-10,YAURISQUE - PARURO - CUSCO,10622270.49,3,1,0,0,0,0.08552833693781026,0.10387775669935771,Bajo,0.5125246361270558
2426208,2024-02-19,YANATILE - CALCA - CUSCO,12310077.27,3,1,0,0,0,0.07772817804944016,0.1038105064394897,Bajo,0.532002436785006
2036779,2024-02-18,ANDAMARCA - CONCEPCIÃN - JUNÃN,13574314.65,3,1,0,0,0,0.0972661888382148,0.09629120932124804,Bajo,0.5087754882528501
2339330,2025-01-31,TAPUC - DANIEL ALCIDES CARRION - PASCO,10031205.34,3,1,0,0,0,0.08395309309076837,0.09576131788868639,Bajo,0.5357571820105728
2665573,2024-04-13,ICA - ICA,10964359.05,3,1,0,0,0,0.09069005651196937,0.08989950111913989,Bajo,0.5272491715593393
2319672,2025-10-15,CUTERVO - CUTERVO - CAJAMARCA,420670.93,3,2,0,0,0,0.10025951870581684,0.08501225438308047,Bajo,0.5097001056122394
2517099,2025-06-01,SANTA MARIA DEL VALLE - HUANUCO,3453017.9,3,3,0,0,0,0.08896403417238236,0.08300023402574577,Bajo,0.5478406882197804
2426677,2025-05-21,SAPALLANGA - HUANCAYO - JUNIN,7471508.91,3,1,0,0,0,0.09047924323740131,0.08241916690863045,Bajo,0.549250888848144
2528793,2024-08-20,BARRANCA,1818836.72,3,2,0,0,0,0.10507908349084338,0.08151727515316748,Bajo,0.5085410821401356
2235414,2025-06-08,LEONARDO ORTIZ - CHICLAYO - LAMBAYEQUE,4096290.75,3,3,0,0,0,0.09349694243087159,0.08103088315998727,Bajo,0.5358884251268841
2256052,2025-04-13,YAURISQUE - PARURO - CUSCO,7844259.36,3,1,0,0,0,0.09175315716680899,0.0803336107293092,Bajo,0.5472723032210829
2517099,2025-06-01,SANTA MARIA DEL VALLE - HUANUCO,3453017.8,3,3,0,0,0,0.09156651018792661,0.08014643469527404,Bajo,0.5478406924806533
2183832,2025-06-14,CUPI - MELGAR - PUNO,5445182.94,3,2,0,0,0,0.10395869787850665,0.07662451922439155,Bajo,0.525917381418278
2509673,2025-04-03,EMILIO SAN MARTIN - REQUENA - LORETO,2910256.28,3,2,0,0,0,0.10529164812296699,0.07316427573791023,Bajo,0.5307753144271778
2092999,2025-08-09,ALBARRACIN - TACNA,505731.87,3,2,0,0,0,0.10210365797001347,0.06709647551169777,Bajo,0.5292391740524274
2563710,2025-04-15,ANDAMARCA,4877582.34,3,2,0,0,0,0.11013208445111838,0.06626408337122741,Bajo,0.5351946836133848
2409376,2025-04-26,CUPI - MELGAR - PUNO,574664.78,3,2,0,0,0,0.11531007176834618,0.06031709153167131,Bajo,0.5426239369806689
2296642,2024-06-02,UTICYACU,573733.08,3,2,0,0,0,0.1125154857541007,0.05874644582942342,Bajo,0.5139101110961214
2097157,2025-07-17,RIO TAMBO,7299511.94,3,2,0,0,0,0.10771803829732157,0.05730927459493884,Bajo,0.5514451684124203
2523875,2024-04-12,PUERTO BERMUDEZ - OXAPAMPA - PASCO,11669019.34,3,1,0,0,0,0.10465925728642544,0.054755531961536964,Bajo,0.5656377090697233
72,2024-07-31,CATILLUC - SAN MIGUEL - CAJAMARCA,3726037.25,3,2,0,0,0,0.11765118153920884,0.054222554180480054,Bajo,0.5367518045904359
2527490,2025-07-12,PALCAZU - OXAPAMPA - PASCO,7318027.72,3,2,0,0,0,0.11695105713347026,0.053450678711038604,Bajo,0.534094636119478
2601374,2025-06-09,CUJILLO - CUTERVO - CAJAMARCA,445063.59,3,2,0,0,0,0.11580160527066197,0.052470115384031124,Bajo,0.5336659283430999
2503434,2025-05-18,CONCHUCOS,388226.51,3,2,0,0,0,0.11292953598970173,0.05176140594695677,Bajo,0.5382822066345772
2458763,2024-07-19,SOCABAYA - AREQUIPA - AREQUIPA,614917.41,3,2,0,0,0,0.11901343904444828,0.04624909607620155,Bajo,0.5303545713972726
2376004,2024-06-04,HUARMEY,0.0,3,2,0,0,0,0.12929943969479246,0.026823878756276,Bajo,0.5514275708239531
2551913,2024-06-15,BARRANCA - MARAÃON - LORETO,0.0,3,2,0,0,0,0.12929943969479246,0.026823878756276,Bajo,0.5514275708239531
